tmdb_id,letterboxd_rating,letterboxd_rating_count,letterboxd_title,url_final,http_status
19995,3.77,3273189.0,Avatar,https://letterboxd.com/film/avatar/,200
299534,4.02,3925761.0,Avengers: Endgame,https://letterboxd.com/film/avengers-endgame/,200
969681,4.05,4070022.0,Spider-Man: Brand New Day,https://letterboxd.com/film/spider-man-brand-new-day/,200
76600,3.65,2780531.0,Avatar: The Way of Water,https://letterboxd.com/film/avatar-the-way-of-water/,200
980477,4.13,90465.0,Ne Zha 2,https://letterboxd.com/film/ne-zha-2/,200
597,3.84,3460308.0,Titanic,https://letterboxd.com/film/titanic-1997/,200
140607,3.23,1978274.0,Star Wars: The Force Awakens,https://letterboxd.com/film/star-wars-the-force-awakens/,200
299536,4.09,3977456.0,Avengers: Infinity War,https://letterboxd.com/film/avengers-infinity-war/,200
634649,3.86,4217410.0,Spider-Man: No Way Home,https://letterboxd.com/film/spider-man-no-way-home/,200
1084242,3.67,1958040.0,Zootopia 2,https://letterboxd.com/film/zootopia-2/,200
1022789,3.52,2893499.0,Inside Out 2,https://letterboxd.com/film/inside-out-2-2024/,200
135397,3.21,1369565.0,Jurassic World,https://letterboxd.com/film/jurassic-world/,200
420818,2.92,700611.0,The Lion King,https://letterboxd.com/film/the-lion-king-2019/,200
1368337,4.35,4275531.0,The Odyssey,https://letterboxd.com/film/the-odyssey-2026/,200
24428,3.77,2994538.0,The Avengers,https://letterboxd.com/film/the-avengers-2012/,200
168259,3.35,510804.0,Furious 7,https://letterboxd.com/film/furious-7/,200
361743,3.98,2394247.0,Top Gun: Maverick,https://letterboxd.com/film/top-gun-maverick/,200
83533,3.55,1664880.0,Avatar: Fire and Ash,https://letterboxd.com/film/avatar-fire-and-ash/,200
330457,3.2,1018897.0,Frozen II,https://letterboxd.com/film/frozen-2/,200
346698,3.67,6109099.0,Barbie,https://letterboxd.com/film/barbie/,200
99861,3.32,2281130.0,Avengers: Age of Ultron,https://letterboxd.com/film/avengers-age-of-ultron/,200
502356,3.21,1845805.0,The Super Mario Bros. Movie,https://letterboxd.com/film/the-super-mario-bros-movie/,200
284054,3.72,3072655.0,Black Panther,https://letterboxd.com/film/black-panther/,200
12445,4.04,2384397.0,Harry Potter and the Deathly Hallows: Part 2,https://letterboxd.com/film/harry-potter-and-the-deathly-hallows-part-2/,200
533535,3.46,3032148.0,Deadpool & Wolverine,https://letterboxd.com/film/deadpool-wolverine/,200
181808,2.84,1717329.0,Star Wars: The Last Jedi,https://letterboxd.com/film/star-wars-the-last-jedi/,200
351286,2.75,852017.0,Jurassic World: Fallen Kingdom,https://letterboxd.com/film/jurassic-world-fallen-kingdom/,200
109445,3.54,1952429.0,Frozen,https://letterboxd.com/film/frozen-2013/,200
321612,3.27,887501.0,Beauty and the Beast,https://letterboxd.com/film/beauty-and-the-beast-2017/,200
260513,3.43,1576927.0,Incredibles 2,https://letterboxd.com/film/incredibles-2/,200
337339,2.77,389674.0,The Fate of the Furious,https://letterboxd.com/film/the-fate-of-the-furious/,200
68721,3.15,1850687.0,Iron Man 3,https://letterboxd.com/film/iron-man-3/,200
211672,3.14,846615.0,Minions,https://letterboxd.com/film/minions/,200
271110,3.7,2522297.0,Captain America: Civil War,https://letterboxd.com/film/captain-america-civil-war/,200
297802,2.79,940459.0,Aquaman,https://letterboxd.com/film/aquaman-2018/,200
1084244,3.65,1047715.0,Toy Story 5,https://letterboxd.com/film/toy-story-5/,200
429617,3.42,3027501.0,Spider-Man: Far From Home,https://letterboxd.com/film/spider-man-far-from-home/,200
299537,2.63,1836852.0,Captain Marvel,https://letterboxd.com/film/captain-marvel/,200
38356,2.88,458085.0,Transformers: Dark of the Moon,https://letterboxd.com/film/transformers-dark-of-the-moon/,200
122,4.56,2471942.0,The Lord of the Rings: The Return of the King,https://letterboxd.com/film/the-lord-of-the-rings-the-return-of-the-king/,200
37724,3.96,1072006.0,Skyfall,https://letterboxd.com/film/skyfall/,200
91314,2.32,356675.0,Transformers: Age of Extinction,https://letterboxd.com/film/transformers-age-of-extinction/,200
49026,3.82,2268065.0,The Dark Knight Rises,https://letterboxd.com/film/the-dark-knight-rises/,200
475557,3.85,4893266.0,Joker,https://letterboxd.com/film/joker-2019/,200
181812,2.29,1533066.0,Star Wars: The Rise of Skywalker,https://letterboxd.com/film/star-wars-the-rise-of-skywalker/,200
301528,3.29,1438210.0,Toy Story 4,https://letterboxd.com/film/toy-story-4/,200
10193,4.06,1907735.0,Toy Story 3,https://letterboxd.com/film/toy-story-3/,200
58,3.79,1364879.0,Pirates of the Caribbean: Dead Man's Chest,https://letterboxd.com/film/pirates-of-the-caribbean-dead-mans-chest/,200
1241982,2.79,759814.0,Moana 2,https://letterboxd.com/film/moana-2/,200
329,4.13,2447501.0,Jurassic Park,https://letterboxd.com/film/jurassic-park/,200
330459,3.84,1718389.0,Rogue One: A Star Wars Story,https://letterboxd.com/film/rogue-one-a-star-wars-story/,200
420817,3.11,783027.0,Aladdin,https://letterboxd.com/film/aladdin-2019/,200
1865,3.0,778524.0,Pirates of the Caribbean: On Stranger Tides,https://letterboxd.com/film/pirates-of-the-caribbean-on-stranger-tides/,200
1893,3.17,2109814.0,Star Wars: Episode I – The Phantom Menace,https://letterboxd.com/film/star-wars-episode-i-the-phantom-menace/,200
552524,3.02,623818.0,Lilo & Stitch,https://letterboxd.com/film/lilo-stitch-2025/,200
324852,2.72,601697.0,Despicable Me 3,https://letterboxd.com/film/despicable-me-3/,200
936075,3.61,1830994.0,Michael,https://letterboxd.com/film/michael-2026/,200
671,3.84,3296165.0,Harry Potter and the Philosopher's Stone,https://letterboxd.com/film/harry-potter-and-the-philosophers-stone/,200
127380,3.28,1170164.0,Finding Dory,https://letterboxd.com/film/finding-dory/,200
269149,3.78,2232726.0,Zootopia,https://letterboxd.com/film/zootopia/,200
12155,3.38,1509156.0,Alice in Wonderland,https://letterboxd.com/film/alice-in-wonderland-2010/,200
49051,3.62,1173586.0,The Hobbit: An Unexpected Journey,https://letterboxd.com/film/the-hobbit-an-unexpected-journey/,200
1226863,2.89,795270.0,The Super Mario Galaxy Movie,https://letterboxd.com/film/the-super-mario-galaxy-movie/,200
155,4.5,4820612.0,The Dark Knight,https://letterboxd.com/film/the-dark-knight/,200
507086,2.32,686186.0,Jurassic World Dominion,https://letterboxd.com/film/jurassic-world-dominion/,200
353486,3.16,1308526.0,Jumanji: Welcome to the Jungle,https://letterboxd.com/film/jumanji-welcome-to-the-jungle/,200
519182,2.76,689927.0,Despicable Me 4,https://letterboxd.com/film/despicable-me-4/,200
93456,3.35,923039.0,Despicable Me 2,https://letterboxd.com/film/despicable-me-2/,200
278927,3.2,454091.0,The Jungle Book,https://letterboxd.com/film/the-jungle-book-2016/,200
862,4.11,2739263.0,Toy Story,https://letterboxd.com/film/toy-story/,200
285,3.64,1090946.0,Pirates of the Caribbean: At World's End,https://letterboxd.com/film/pirates-of-the-caribbean-at-worlds-end/,200
950387,2.43,1621040.0,A Minecraft Movie,https://letterboxd.com/film/a-minecraft-movie/,200
57158,3.55,980145.0,The Hobbit: The Desolation of Smaug,https://letterboxd.com/film/the-hobbit-the-desolation-of-smaug/,200
122917,3.39,919291.0,The Hobbit: The Battle of the Five Armies,https://letterboxd.com/film/the-hobbit-the-battle-of-the-five-armies/,200
453395,2.97,2296099.0,Doctor Strange in the Multiverse of Madness,https://letterboxd.com/film/doctor-strange-in-the-multiverse-of-madness/,200
12444,3.75,2201847.0,Harry Potter and the Deathly Hallows: Part 1,https://letterboxd.com/film/harry-potter-and-the-deathly-hallows-part-1/,200
872585,4.16,4609462.0,Oppenheimer,https://letterboxd.com/film/oppenheimer-2023/,200
12,4.02,2593849.0,Finding Nemo,https://letterboxd.com/film/finding-nemo/,200
438148,3.15,698443.0,Minions: The Rise of Gru,https://letterboxd.com/film/minions-the-rise-of-gru/,200
675,3.72,2372231.0,Harry Potter and the Order of the Phoenix,https://letterboxd.com/film/harry-potter-and-the-order-of-the-phoenix/,200
767,3.75,2247092.0,Harry Potter and the Half-Blood Prince,https://letterboxd.com/film/harry-potter-and-the-half-blood-prince/,200
809,4.12,2199566.0,Shrek 2,https://letterboxd.com/film/shrek-2/,200
121,4.44,2419607.0,The Lord of the Rings: The Two Towers,https://letterboxd.com/film/the-lord-of-the-rings-the-two-towers/,200
424694,3.54,1948995.0,Bohemian Rhapsody,https://letterboxd.com/film/bohemian-rhapsody/,200
779029,2.93,4843.0,The Battle at Lake Changjin,https://letterboxd.com/film/the-battle-at-lake-changjin/,200
674,3.9,2679792.0,Harry Potter and the Goblet of Fire,https://letterboxd.com/film/harry-potter-and-the-goblet-of-fire/,200
559,3.26,1923804.0,Spider-Man 3,https://letterboxd.com/film/spider-man-3/,200
8355,3.31,521413.0,Ice Age: Dawn of the Dinosaurs,https://letterboxd.com/film/ice-age-dawn-of-the-dinosaurs/,200
315635,3.51,3379584.0,Spider-Man: Homecoming,https://letterboxd.com/film/spider-man-homecoming/,200
206647,3.27,675175.0,Spectre,https://letterboxd.com/film/spectre-2015/,200
57800,2.89,396364.0,Ice Age: Continental Drift,https://letterboxd.com/film/ice-age-continental-drift/,200
672,3.65,2666505.0,Harry Potter and the Chamber of Secrets,https://letterboxd.com/film/harry-potter-and-the-chamber-of-secrets/,200
328111,2.9,510376.0,The Secret Life of Pets,https://letterboxd.com/film/the-secret-life-of-pets/,200
209112,2.5,1019638.0,Batman v Superman: Dawn of Justice,https://letterboxd.com/film/batman-v-superman-dawn-of-justice/,200
120,4.39,3247919.0,The Lord of the Rings: The Fellowship of the Ring,https://letterboxd.com/film/the-lord-of-the-rings-the-fellowship-of-the-ring/,200
452557,2.74,5629.0,Wolf Warrior 2,https://letterboxd.com/film/wolf-warrior-2/,200
1234821,2.61,1179676.0,Jurassic World Rebirth,https://letterboxd.com/film/jurassic-world-rebirth/,200
101299,3.97,2473730.0,The Hunger Games: Catching Fire,https://letterboxd.com/film/the-hunger-games-catching-fire/,200
283995,3.62,2395335.0,Guardians of the Galaxy Vol. 2,https://letterboxd.com/film/guardians-of-the-galaxy-vol-2/,200
505642,3.27,1400141.0,Black Panther: Wakanda Forever,https://letterboxd.com/film/black-panther-wakanda-forever/,200
150540,3.82,3427786.0,Inside Out,https://letterboxd.com/film/inside-out-2015/,200
335983,3.01,1523609.0,Venom,https://letterboxd.com/film/venom-2018/,200
284053,3.71,2554991.0,Thor: Ragnarok,https://letterboxd.com/film/thor-ragnarok/,200
1895,4.12,2456669.0,Star Wars: Episode III – Revenge of the Sith,https://letterboxd.com/film/star-wars-episode-iii-revenge-of-the-sith/,200
447365,3.99,2363317.0,Guardians of the Galaxy Vol. 3,https://letterboxd.com/film/guardians-of-the-galaxy-vol-3/,200
27205,4.24,4440159.0,Inception,https://letterboxd.com/film/inception/,200
8373,2.77,509329.0,Transformers: Revenge of the Fallen,https://letterboxd.com/film/transformers-revenge-of-the-fallen/,200
50620,3.01,939841.0,The Twilight Saga: Breaking Dawn – Part 2,https://letterboxd.com/film/the-twilight-saga-breaking-dawn-part-2/,200
353081,4.01,779596.0,Mission: Impossible – Fallout,https://letterboxd.com/film/mission-impossible-fallout/,200
297762,3.19,1210235.0,Wonder Woman,https://letterboxd.com/film/wonder-woman-2017/,200
758891,3.51,4968.0,"Hi, Mom",https://letterboxd.com/film/hi-mom-2021/,200
557,3.88,2932966.0,Spider-Man,https://letterboxd.com/film/spider-man/,200
602,3.36,496536.0,Independence Day,https://letterboxd.com/film/independence-day/,200
354912,4.13,3286130.0,Coco,https://letterboxd.com/film/coco-2017/,200
259316,3.21,1191467.0,Fantastic Beasts and Where to Find Them,https://letterboxd.com/film/fantastic-beasts-and-where-to-find-them/,200
810,3.0,975165.0,Shrek the Third,https://letterboxd.com/film/shrek-the-third/,200
512200,2.89,699690.0,Jumanji: The Next Level,https://letterboxd.com/film/jumanji-the-next-level/,200
601,3.85,1380930.0,E.T. the Extra-Terrestrial,https://letterboxd.com/film/et-the-extra-terrestrial/,200
166426,2.81,705226.0,Pirates of the Caribbean: Dead Men Tell No Tales,https://letterboxd.com/film/pirates-of-the-caribbean-dead-men-tell-no-tales/,200
14161,2.62,500114.0,2012,https://letterboxd.com/film/2012/,200
673,4.15,3289174.0,Harry Potter and the Prisoner of Azkaban,https://letterboxd.com/film/harry-potter-and-the-prisoner-of-azkaban/,200
558,3.94,2599551.0,Spider-Man 2,https://letterboxd.com/film/spider-man-2/,200
82992,3.13,455023.0,Fast & Furious 6,https://letterboxd.com/film/fast-furious-6/,200
217,2.82,612042.0,Indiana Jones and the Kingdom of the Crystal Skull,https://letterboxd.com/film/indiana-jones-and-the-kingdom-of-the-crystal-skull/,200
383498,3.49,1906122.0,Deadpool 2,https://letterboxd.com/film/deadpool-2/,200
293660,3.71,2964214.0,Deadpool,https://letterboxd.com/film/deadpool/,200
11,4.16,2829832.0,Star Wars,https://letterboxd.com/film/star-wars/,200
370172,3.56,910761.0,No Time to Die,https://letterboxd.com/film/no-time-to-die-2021/,200
118340,3.86,3348607.0,Guardians of the Galaxy,https://letterboxd.com/film/guardians-of-the-galaxy/,200
414906,4.05,4271770.0,The Batman,https://letterboxd.com/film/the-batman/,200
402431,3.74,2872537.0,Wicked,https://letterboxd.com/film/wicked-2024/,200
8587,4.23,2252727.0,The Lion King,https://letterboxd.com/film/the-lion-king/,200
616037,2.32,1727050.0,Thor: Love and Thunder,https://letterboxd.com/film/thor-love-and-thunder/,200
384018,2.73,371826.0,Fast & Furious Presents: Hobbs & Shaw,https://letterboxd.com/film/fast-furious-presents-hobbs-shaw/,200
591,3.24,528457.0,The Da Vinci Code,https://letterboxd.com/film/the-da-vinci-code/,200
1930,3.59,2344614.0,The Amazing Spider-Man,https://letterboxd.com/film/the-amazing-spider-man/,200
102651,3.38,931091.0,Maleficent,https://letterboxd.com/film/maleficent/,200
131631,3.41,1843029.0,The Hunger Games: Mockingjay – Part 1,https://letterboxd.com/film/the-hunger-games-mockingjay-part-1/,200
10192,3.03,732006.0,Shrek Forever After,https://letterboxd.com/film/shrek-forever-after/,200
297761,2.32,1763551.0,Suicide Squad,https://letterboxd.com/film/suicide-squad-2016/,200
127585,3.72,1122463.0,X-Men: Days of Future Past,https://letterboxd.com/film/x-men-days-of-future-past/,200
80321,3.19,487823.0,Madagascar 3: Europe's Most Wanted,https://letterboxd.com/film/madagascar-3-europes-most-wanted/,200
157336,4.46,6391671.0,Interstellar,https://letterboxd.com/film/interstellar/,200
411,3.67,1129388.0,"The Chronicles of Narnia: The Lion, the Witch and the Wardrobe",https://letterboxd.com/film/the-chronicles-of-narnia-the-lion-the-witch-and-the-wardrobe/,200
62211,3.54,1223198.0,Monsters University,https://letterboxd.com/film/monsters-university/,200
615453,3.57,90786.0,Ne Zha,https://letterboxd.com/film/ne-zha/,200
604,3.45,743942.0,The Matrix Reloaded,https://letterboxd.com/film/the-matrix-reloaded/,200
14160,4.1,3284687.0,Up,https://letterboxd.com/film/up/,200
1311031,4.06,521028.0,Demon Slayer: Kimetsu no Yaiba Infinity Castle,https://letterboxd.com/film/demon-slayer-kimetsu-no-yaiba-infinity-castle/,200
385128,2.4,359506.0,F9,https://letterboxd.com/film/f9/,200
49047,3.52,923631.0,Gravity,https://letterboxd.com/film/gravity-2013/,200
762509,2.95,471850.0,Mufasa: The Lion King,https://letterboxd.com/film/mufasa-the-lion-king/,200
346364,3.49,3078469.0,It,https://letterboxd.com/film/it-2017/,200
102382,3.27,1815282.0,The Amazing Spider-Man 2,https://letterboxd.com/film/the-amazing-spider-man-2/,200
693134,4.38,3641265.0,Dune: Part Two,https://letterboxd.com/film/dune-part-two/,200
100402,3.79,2245432.0,Captain America: The Winter Soldier,https://letterboxd.com/film/captain-america-the-winter-soldier/,200
50619,2.77,932286.0,The Twilight Saga: Breaking Dawn – Part 1,https://letterboxd.com/film/the-twilight-saga-breaking-dawn-part-1/,200
119450,3.86,866394.0,Dawn of the Planet of the Apes,https://letterboxd.com/film/dawn-of-the-planet-of-the-apes/,200
18239,2.82,1223349.0,The Twilight Saga: New Moon,https://letterboxd.com/film/the-twilight-saga-new-moon/,200
1858,3.4,913766.0,Transformers,https://letterboxd.com/film/transformers/,200
385687,2.49,379296.0,Fast X,https://letterboxd.com/film/fast-x/,200
24021,2.77,1029462.0,The Twilight Saga: Eclipse,https://letterboxd.com/film/the-twilight-saga-eclipse/,200
56292,3.76,611762.0,Mission: Impossible – Ghost Protocol,https://letterboxd.com/film/mission-impossible-ghost-protocol/,200
70160,3.84,3415114.0,The Hunger Games,https://letterboxd.com/film/the-hunger-games/,200
1314481,3.1,1605500.0,The Devil Wears Prada 2,https://letterboxd.com/film/the-devil-wears-prada-2/,200
569094,4.4,4082539.0,Spider-Man: Across the Spider-Verse,https://letterboxd.com/film/spider-man-across-the-spider-verse/,200
277834,3.72,1892930.0,Moana,https://letterboxd.com/film/moana-2016/,200
602666,2.78,2607.0,Detective Chinatown 3,https://letterboxd.com/film/detective-chinatown-3/,200
687163,4.31,4421596.0,Project Hail Mary,https://letterboxd.com/film/project-hail-mary/,200
177677,3.77,618548.0,Mission: Impossible – Rogue Nation,https://letterboxd.com/film/mission-impossible-rogue-nation/,200
13,4.19,4276080.0,Forrest Gump,https://letterboxd.com/film/forrest-gump/,200
284052,3.5,2261317.0,Doctor Strange,https://letterboxd.com/film/doctor-strange-2016/,200
1066298,3.24,4795.0,Full River Red,https://letterboxd.com/film/the-red-river/,200
745,4.11,1547595.0,The Sixth Sense,https://letterboxd.com/film/the-sixth-sense/,200
1729016,,,The Yoshi Movie,https://letterboxd.com/film/the-yoshi-movie/,200
49521,3.08,1021289.0,Man of Steel,https://letterboxd.com/film/man-of-steel/,200
49444,3.79,915540.0,Kung Fu Panda 2,https://letterboxd.com/film/kung-fu-panda-2/,200
842675,3.27,8695.0,The Wandering Earth II,https://letterboxd.com/film/the-wandering-earth-ii/,200
141052,2.02,765322.0,Justice League,https://letterboxd.com/film/justice-league/,200
950,3.2,619377.0,Ice Age: The Meltdown,https://letterboxd.com/film/ice-age-the-meltdown/,200
177572,3.86,1838840.0,Big Hero 6,https://letterboxd.com/film/big-hero-6/,200
1462229,3.21,1405.0,Pegasus 3,https://letterboxd.com/film/pegasus-3/,200
22,4.02,2150312.0,Pirates of the Caribbean: The Curse of the Black Pearl,https://letterboxd.com/film/pirates-of-the-caribbean-the-curse-of-the-black-pearl/,200
338952,2.71,690287.0,Fantastic Beasts: The Crimes of Grindelwald,https://letterboxd.com/film/fantastic-beasts-the-crimes-of-grindelwald/,200
41154,3.22,465120.0,Men in Black 3,https://letterboxd.com/film/men-in-black-3/,200
131634,3.52,1689771.0,The Hunger Games: Mockingjay – Part 2,https://letterboxd.com/film/the-hunger-games-mockingjay-part-2/,200
1894,3.16,1925360.0,Star Wars: Episode II – Attack of the Clones,https://letterboxd.com/film/star-wars-episode-ii-attack-of-the-clones/,200
76338,2.33,1508995.0,Thor: The Dark World,https://letterboxd.com/film/thor-the-dark-world/,200
1087192,3.82,1151158.0,How to Train Your Dragon,https://letterboxd.com/film/how-to-train-your-dragon-2025/,200
787699,3.15,1745537.0,Wonka,https://letterboxd.com/film/wonka/,200
335797,3.2,751863.0,Sing,https://letterboxd.com/film/sing-2016/,200
911430,3.65,2090990.0,F1,https://letterboxd.com/film/f1/,200
9502,3.93,1797267.0,Kung Fu Panda,https://letterboxd.com/film/kung-fu-panda/,200
9806,4.06,2537741.0,The Incredibles,https://letterboxd.com/film/the-incredibles/,200
286217,3.83,1944397.0,The Martian,https://letterboxd.com/film/the-martian/,200
8960,2.83,428351.0,Hancock,https://letterboxd.com/film/hancock/,200
928123,3.03,1311.0,The Battle at Lake Changjin II: Water Gate Bridge,https://letterboxd.com/film/the-battle-at-lake-changjin-ii-water-gate-bridge/,200
51497,3.55,547998.0,Fast Five,https://letterboxd.com/film/fast-five/,200
10138,3.07,1968466.0,Iron Man 2,https://letterboxd.com/film/iron-man-2/,200
2062,4.22,4022666.0,Ratatouille,https://letterboxd.com/film/ratatouille/,200
363088,2.82,1372164.0,Ant-Man and the Wasp,https://letterboxd.com/film/ant-man-and-the-wasp/,200
82702,3.89,1087767.0,How to Train Your Dragon 2,https://letterboxd.com/film/how-to-train-your-dragon-2/,200
263115,4.13,1553084.0,Logan,https://letterboxd.com/film/logan-2017/,200
1061474,3.83,3362119.0,Superman,https://letterboxd.com/film/superman-2025/,200
330,3.15,687195.0,The Lost World: Jurassic Park,https://letterboxd.com/film/the-lost-world-jurassic-park/,200
615,3.62,236438.0,The Passion of the Christ,https://letterboxd.com/film/the-passion-of-the-christ/,200
11631,3.87,2374239.0,Mamma Mia!,https://letterboxd.com/film/mamma-mia/,200
87827,3.76,1054021.0,Life of Pi,https://letterboxd.com/film/life-of-pi/,200
333339,3.37,1351980.0,Ready Player One,https://letterboxd.com/film/ready-player-one/,200
335988,2.13,285900.0,Transformers: The Last Knight,https://letterboxd.com/film/transformers-the-last-knight/,200
10527,3.29,641269.0,Madagascar: Escape 2 Africa,https://letterboxd.com/film/madagascar-escape-2-africa/,200
74,3.37,466014.0,War of the Worlds,https://letterboxd.com/film/war-of-the-worlds/,200
36557,4.04,1094741.0,Casino Royale,https://letterboxd.com/film/casino-royale-2006/,200
575265,3.47,812850.0,Mission: Impossible – The Final Reckoning,https://letterboxd.com/film/mission-impossible-the-final-reckoning/,200
38757,4.07,2609677.0,Tangled,https://letterboxd.com/film/tangled-2010/,200
10764,2.88,532877.0,Quantum of Solace,https://letterboxd.com/film/quantum-of-solace/,200
607,3.71,1100031.0,Men in Black,https://letterboxd.com/film/men-in-black/,200
49519,3.19,564637.0,The Croods,https://letterboxd.com/film/the-croods/,200
45243,3.19,926514.0,The Hangover Part II,https://letterboxd.com/film/the-hangover-part-ii/,200
6479,3.48,945887.0,I Am Legend,https://letterboxd.com/film/i-am-legend/,200
1726,3.81,2818903.0,Iron Man,https://letterboxd.com/film/iron-man-2008/,200
585,4.08,2566979.0,"Monsters, Inc.",https://letterboxd.com/film/monsters-inc/,200
460555,3.12,3513.0,Operation Red Sea,https://letterboxd.com/film/operation-red-sea/,200
1593,3.42,1186533.0,Night at the Museum,https://letterboxd.com/film/night-at-the-museum/,200
1892,4.11,1992947.0,Return of the Jedi,https://letterboxd.com/film/return-of-the-jedi/,200
823464,2.72,503358.0,Godzilla × Kong: The New Empire,https://letterboxd.com/film/godzilla-kong-the-new-empire/,200
575264,3.7,894156.0,Mission: Impossible – Dead Reckoning,https://letterboxd.com/film/mission-impossible-dead-reckoning/,200
216015,1.88,583643.0,Fifty Shades of Grey,https://letterboxd.com/film/fifty-shades-of-grey/,200
447277,3.08,677473.0,The Little Mermaid,https://letterboxd.com/film/the-little-mermaid-2023/,200
293167,3.14,627885.0,Kong: Skull Island,https://letterboxd.com/film/kong-skull-island/,200
41513,2.56,327235.0,The Smurfs,https://letterboxd.com/film/the-smurfs/,200
254,3.43,508405.0,King Kong,https://letterboxd.com/film/king-kong-2005/,200
49013,3.17,1110894.0,Cars 2,https://letterboxd.com/film/cars-2/,200
417859,3.3,504913.0,Puss in Boots,https://letterboxd.com/film/puss-in-boots/,200
381890,3.14,14355.0,The Mermaid,https://letterboxd.com/film/the-mermaid-2016/,200
95,3.2,307753.0,Armageddon,https://letterboxd.com/film/armageddon/,200
360920,3.06,447559.0,The Grinch,https://letterboxd.com/film/the-grinch/,200
435,3.07,463795.0,The Day After Tomorrow,https://letterboxd.com/film/the-day-after-tomorrow/,200
72105,3.13,1178283.0,Ted,https://letterboxd.com/film/ted/,200
374720,3.77,2006490.0,Dunkirk,https://letterboxd.com/film/dunkirk-2017/,200
1011985,2.65,504969.0,Kung Fu Panda 4,https://letterboxd.com/film/kung-fu-panda-4/,200
955,2.7,527706.0,Mission: Impossible II,https://letterboxd.com/film/mission-impossible-ii/,200
505513,3.08,3179.0,Detective Chinatown 2,https://letterboxd.com/film/detective-chinatown-2/,200
246655,2.71,800657.0,X-Men: Apocalypse,https://letterboxd.com/film/x-men-apocalypse/,200
150689,3.36,537898.0,Cinderella,https://letterboxd.com/film/cinderella-2015/,200
20352,3.67,1368056.0,Despicable Me,https://letterboxd.com/film/despicable-me/,200
190859,3.44,622737.0,American Sniper,https://letterboxd.com/film/american-sniper/,200
953,3.63,1293280.0,Madagascar,https://letterboxd.com/film/madagascar/,200
967941,3.4,1392792.0,Wicked: For Good,https://letterboxd.com/film/wicked-for-good/,200
166428,3.72,740269.0,How to Train Your Dragon: The Hidden World,https://letterboxd.com/film/how-to-train-your-dragon-the-hidden-world/,200
62177,3.51,1383462.0,Brave,https://letterboxd.com/film/brave-2012/,200
1891,4.4,2415607.0,The Empire Strikes Back,https://letterboxd.com/film/the-empire-strikes-back/,200
281957,3.92,1501255.0,The Revenant,https://letterboxd.com/film/the-revenant-2015/,200
72190,3.24,1121239.0,World War Z,https://letterboxd.com/film/world-war-z/,200
345940,2.48,558518.0,The Meg,https://letterboxd.com/film/the-meg/,200
404368,2.9,797746.0,Ralph Breaks the Internet,https://letterboxd.com/film/ralph-breaks-the-internet/,200
400155,2.69,329025.0,Hotel Transylvania 3: Summer Vacation,https://letterboxd.com/film/hotel-transylvania-3-summer-vacation/,200
295693,2.65,484671.0,The Boss Baby,https://letterboxd.com/film/the-boss-baby/,200
35,3.53,649363.0,The Simpsons Movie,https://letterboxd.com/film/the-simpsons-movie/,200
124905,3.14,546178.0,Godzilla,https://letterboxd.com/film/godzilla-2014/,200
10528,3.51,677670.0,Sherlock Holmes,https://letterboxd.com/film/sherlock-holmes-2009/,200
635302,3.95,338636.0,Demon Slayer -Kimetsu no Yaiba- The Movie: Mugen Train,https://letterboxd.com/film/demon-slayer-kimetsu-no-yaiba-the-movie-mugen/,200
617126,3.33,2333885.0,The Fantastic 4: First Steps,https://letterboxd.com/film/the-fantastic-4-first-steps/,200
10681,4.24,2921232.0,WALL·E,https://letterboxd.com/film/walle/,200
140300,3.32,654598.0,Kung Fu Panda 3,https://letterboxd.com/film/kung-fu-panda-3/,200
102899,3.22,1856518.0,Ant-Man,https://letterboxd.com/film/ant-man/,200
280,4.3,1084854.0,Terminator 2: Judgment Day,https://letterboxd.com/film/terminator-2-judgment-day/,200
693,3.05,312764.0,Meet the Fockers,https://letterboxd.com/film/meet-the-fockers/,200
1339713,4.07,4848672.0,Obsession,https://letterboxd.com/film/obsession-2025/,200
313369,4.13,5212976.0,La La Land,https://letterboxd.com/film/la-la-land/,200
580489,2.56,946766.0,Venom: Let There Be Carnage,https://letterboxd.com/film/venom-let-there-be-carnage/,200
1315772,3.2,503554.0,Minions & Monsters,https://letterboxd.com/film/minions-monsters-2026/,200
251,3.62,353864.0,Ghost,https://letterboxd.com/film/ghost/,200
812,3.91,1170365.0,Aladdin,https://letterboxd.com/film/aladdin/,200
1357305,2.81,3239.0,Detective Chinatown 1900,https://letterboxd.com/film/detective-chinatown-1900/,200
1701211,,,Those Who Know Selyan,https://letterboxd.com/film/those-who-know-selyan/,200
1462748,,,DUDURITMUS,https://letterboxd.com/film/duduritmus/,200
1432484,,,The World of the Pharaoh (Live Theatre),https://letterboxd.com/film/the-world-of-the-pharaoh-live-theatre/,200
1038392,2.8,1004890.0,The Conjuring: Last Rites,https://letterboxd.com/film/the-conjuring-last-rites/,200
172385,2.95,280716.0,Rio 2,https://letterboxd.com/film/rio-2/,200
652,3.51,754668.0,Troy,https://letterboxd.com/film/troy/,200
863,3.94,1797135.0,Toy Story 2,https://letterboxd.com/film/toy-story-2/,200
976573,3.35,1158092.0,Elemental,https://letterboxd.com/film/elemental-2023/,200
10191,4.16,2088717.0,How to Train Your Dragon,https://letterboxd.com/film/how-to-train-your-dragon/,200
664,3.32,376165.0,Twister,https://letterboxd.com/film/twister/,200
18823,2.56,209436.0,Clash of the Titans,https://letterboxd.com/film/clash-of-the-titans-2010/,200
939243,3.45,563580.0,Sonic the Hedgehog 3,https://letterboxd.com/film/sonic-the-hedgehog-3/,200
68728,2.65,217188.0,Oz the Great and Powerful,https://letterboxd.com/film/oz-the-great-and-powerful/,200
420809,3.1,359247.0,Maleficent: Mistress of Evil,https://letterboxd.com/film/maleficent-mistress-of-evil/,200
281338,3.83,743437.0,War for the Planet of the Apes,https://letterboxd.com/film/war-for-the-planet-of-the-apes/,200
808,4.12,2981574.0,Shrek,https://letterboxd.com/film/shrek/,200
787,3.36,1552038.0,Mr. & Mrs. Smith,https://letterboxd.com/film/mr-mrs-smith-2005/,200
13448,3.2,227857.0,Angels & Demons,https://letterboxd.com/film/angels-demons/,200
98566,2.57,241299.0,Teenage Mutant Ninja Turtles,https://letterboxd.com/film/teenage-mutant-ninja-turtles-2014/,200
315162,4.13,1962200.0,Puss in Boots: The Last Wish,https://letterboxd.com/film/puss-in-boots-the-last-wish/,200
310,3.29,581528.0,Bruce Almighty,https://letterboxd.com/film/bruce-almighty/,200
46195,3.54,775449.0,Rio,https://letterboxd.com/film/rio-2011/,200
857,4.26,1595233.0,Saving Private Ryan,https://letterboxd.com/film/saving-private-ryan/,200
61791,3.69,1022619.0,Rise of the Planet of the Apes,https://letterboxd.com/film/rise-of-the-planet-of-the-apes/,200
912649,2.58,619866.0,Venom: The Last Dance,https://letterboxd.com/film/venom-the-last-dance/,200
771,3.86,3021741.0,Home Alone,https://letterboxd.com/film/home-alone/,200
640146,2.14,1051404.0,Ant-Man and the Wasp: Quantumania,https://letterboxd.com/film/ant-man-and-the-wasp-quantumania/,200
118,3.37,1994067.0,Charlie and the Chocolate Factory,https://letterboxd.com/film/charlie-and-the-chocolate-factory/,200
89,4.12,882013.0,Indiana Jones and the Last Crusade,https://letterboxd.com/film/indiana-jones-and-the-last-crusade/,200
254128,2.56,290785.0,San Andreas,https://letterboxd.com/film/san-andreas/,200
159824,3.07,459204.0,Hotel Transylvania 2,https://letterboxd.com/film/hotel-transylvania-2/,200
474350,2.96,1553867.0,It Chapter Two,https://letterboxd.com/film/it-chapter-two/,200
82690,3.62,1351477.0,Wreck-It Ralph,https://letterboxd.com/film/wreck-it-ralph/,200
137106,3.87,1576891.0,The Lego Movie,https://letterboxd.com/film/the-lego-movie/,200
578,3.91,1830725.0,Jaws,https://letterboxd.com/film/jaws/,200
399566,2.84,662673.0,Godzilla vs. Kong,https://letterboxd.com/film/godzilla-vs-kong/,200
18785,3.76,2173383.0,The Hangover,https://letterboxd.com/film/the-hangover/,200
240832,2.87,886992.0,Lucy,https://letterboxd.com/film/lucy-2014/,200
424783,3.21,415739.0,Bumblebee,https://letterboxd.com/film/bumblebee/,200
54138,3.4,306515.0,Star Trek Into Darkness,https://letterboxd.com/film/star-trek-into-darkness/,200
1228891,3.21,1388.0,Pegasus 2,https://letterboxd.com/film/pegasus-2/,200
98,4.2,2310539.0,Gladiator,https://letterboxd.com/film/gladiator-2000/,200
603,4.18,3081826.0,The Matrix,https://letterboxd.com/film/the-matrix/,200
114,3.73,1353652.0,Pretty Woman,https://letterboxd.com/film/pretty-woman/,200
558449,3.25,1498551.0,Gladiator II,https://letterboxd.com/film/gladiator-ii/,200
920,3.95,2114852.0,Cars,https://letterboxd.com/film/cars/,200
508935,3.53,10002.0,The Eight Hundred,https://letterboxd.com/film/the-eight-hundred/,200
801803,3.13,1851.0,Moon Man,https://letterboxd.com/film/moon-man-2022/,200
36668,2.73,682087.0,X-Men: The Last Stand,https://letterboxd.com/film/x-men-the-last-stand/,200
6637,3.04,228569.0,National Treasure: Book of Secrets,https://letterboxd.com/film/national-treasure-book-of-secrets/,200
316029,3.6,1436730.0,The Greatest Showman,https://letterboxd.com/film/the-greatest-showman/,200
954,3.64,845008.0,Mission: Impossible,https://letterboxd.com/film/mission-impossible/,200
616,3.8,359905.0,The Last Samurai,https://letterboxd.com/film/the-last-samurai/,200
1271,3.45,664143.0,300,https://letterboxd.com/film/300/,200
917496,3.17,1138723.0,Beetlejuice Beetlejuice,https://letterboxd.com/film/beetlejuice-beetlejuice/,200
161,3.95,1523130.0,Ocean's Eleven,https://letterboxd.com/film/oceans-eleven-2001/,200
612845,3.04,1393.0,"My People, My Country",https://letterboxd.com/film/my-people-my-country/,200
447404,3.04,644520.0,Pokémon Detective Pikachu,https://letterboxd.com/film/pokemon-detective-pikachu/,200
10195,2.89,1845897.0,Thor,https://letterboxd.com/film/thor/,200
676,3.04,254437.0,Pearl Harbor,https://letterboxd.com/film/pearl-harbor/,200
37135,3.74,721282.0,Tarzan,https://letterboxd.com/film/tarzan/,200
603692,3.9,1098364.0,John Wick: Chapter 4,https://letterboxd.com/film/john-wick-chapter-4/,200
530915,4.13,1997691.0,1917,https://letterboxd.com/film/1917/,200
608,3.09,504773.0,Men in Black II,https://letterboxd.com/film/men-in-black-ii/,200
1734,3.11,326474.0,The Mummy Returns,https://letterboxd.com/film/the-mummy-returns/,200
23398,2.59,298715.0,Alvin and the Chipmunks: The Squeakquel,https://letterboxd.com/film/alvin-and-the-chipmunks-the-squeakquel/,200
2503,3.74,347538.0,The Bourne Ultimatum,https://letterboxd.com/film/the-bourne-ultimatum/,200
82695,3.63,511912.0,Les Misérables,https://letterboxd.com/film/les-miserables-2012/,200
667538,2.68,336170.0,Transformers: Rise of the Beasts,https://letterboxd.com/film/transformers-rise-of-the-beasts/,200
788,3.73,568869.0,Mrs. Doubtfire,https://letterboxd.com/film/mrs-doubtfire/,200
87101,2.26,188252.0,Terminator Genisys,https://letterboxd.com/film/terminator-genisys/,200
572802,2.21,318330.0,Aquaman and the Lost Kingdom,https://letterboxd.com/film/aquaman-and-the-lost-kingdom/,200
332562,3.64,1167201.0,A Star Is Born,https://letterboxd.com/film/a-star-is-born-2018/,200
296,2.76,256504.0,Terminator 3: Rise of the Machines,https://letterboxd.com/film/terminator-3-rise-of-the-machines/,200
68735,2.57,177800.0,Warcraft,https://letterboxd.com/film/warcraft/,200
1229349,3.35,7649.0,Yolo,https://letterboxd.com/film/yolo-2024/,200
566525,3.4,1604938.0,Shang-Chi and the Legend of the Ten Rings,https://letterboxd.com/film/shang-chi-and-the-legend-of-the-ten-rings/,200
36669,2.59,154810.0,Die Another Day,https://letterboxd.com/film/die-another-day/,200
9552,3.94,1071627.0,The Exorcist,https://letterboxd.com/film/the-exorcist/,200
8358,3.9,909854.0,Cast Away,https://letterboxd.com/film/cast-away/,200
412117,2.63,177599.0,The Secret Life of Pets 2,https://letterboxd.com/film/the-secret-life-of-pets-2/,200
427641,2.44,247200.0,Rampage,https://letterboxd.com/film/rampage-2018/,200
715904,,,"Metallica: WorldWired Tour - Live in Manchester, England - June 18, 2019",https://letterboxd.com/film/metallica-worldwired-tour-live-in-manchester-england-june-18-2019/,200
77338,4.16,1005065.0,The Intouchables,https://letterboxd.com/film/the-intouchables/,200
38700,2.96,238060.0,Bad Boys for Life,https://letterboxd.com/film/bad-boys-for-life/,200
68718,4.34,3493235.0,Django Unchained,https://letterboxd.com/film/django-unchained/,200
605,3.19,572872.0,The Matrix Revolutions,https://letterboxd.com/film/the-matrix-revolutions/,200
10020,3.93,1024665.0,Beauty and the Beast,https://letterboxd.com/film/beauty-and-the-beast-1991/,200
581,3.94,174184.0,Dances with Wolves,https://letterboxd.com/film/dances-with-wolves/,200
1500536,3.94,8513.0,Dead to Rights,https://letterboxd.com/film/dead-to-rights-2025/,200
1299537,3.3,3005.0,Successor,https://letterboxd.com/film/successor-2024/,200
2454,3.27,451896.0,The Chronicles of Narnia: Prince Caspian,https://letterboxd.com/film/the-chronicles-of-narnia-prince-caspian/,200
4564,3.2,282937.0,Sex and the City,https://letterboxd.com/film/sex-and-the-city/,200
564,3.61,756953.0,The Mummy,https://letterboxd.com/film/the-mummy-1999/,200
10140,3.03,321798.0,The Chronicles of Narnia: The Voyage of the Dawn Treader,https://letterboxd.com/film/the-chronicles-of-narnia-the-voyage-of-the-dawn-treader/,200
324668,3.0,183460.0,Jason Bourne,https://letterboxd.com/film/jason-bourne/,200
76170,3.04,638735.0,The Wolverine,https://letterboxd.com/film/the-wolverine/,200
822119,2.4,956713.0,Captain America: Brave New World,https://letterboxd.com/film/captain-america-brave-new-world/,200
207703,3.77,1524939.0,Kingsman: The Secret Service,https://letterboxd.com/film/kingsman-the-secret-service/,200
45269,3.82,499145.0,The King's Speech,https://letterboxd.com/film/the-kings-speech/,200
18360,3.0,452858.0,Night at the Museum: Battle of the Smithsonian,https://letterboxd.com/film/night-at-the-museum-battle-of-the-smithsonian/,200
268,3.64,665698.0,Batman,https://letterboxd.com/film/batman-1989/,200
619,3.3,145905.0,The Bodyguard,https://letterboxd.com/film/the-bodyguard-1992/,200
68726,3.52,732996.0,Pacific Rim,https://letterboxd.com/film/pacific-rim/,200
343668,3.23,848909.0,Kingsman: The Golden Circle,https://letterboxd.com/film/kingsman-the-golden-circle/,200
438631,3.89,4444629.0,Dune,https://letterboxd.com/film/dune-2021/,200
20526,3.3,525674.0,TRON: Legacy,https://letterboxd.com/film/tron-legacy/,200
282035,1.97,238361.0,The Mummy,https://letterboxd.com/film/the-mummy-2017/,200
278154,2.38,179473.0,Ice Age: Collision Course,https://letterboxd.com/film/ice-age-collision-course/,200
438695,3.22,365912.0,Sing 2,https://letterboxd.com/film/sing-2/,200
2675,3.53,564706.0,Signs,https://letterboxd.com/film/signs/,200
36658,3.45,775302.0,X2,https://letterboxd.com/film/x2/,200
372058,4.24,1676382.0,Your Name.,https://letterboxd.com/film/your-name/,200
338953,2.64,501329.0,Fantastic Beasts: The Secrets of Dumbledore,https://letterboxd.com/film/fantastic-beasts-the-secrets-of-dumbledore/,200
335787,2.73,866160.0,Uncharted,https://letterboxd.com/film/uncharted-2022/,200
106646,4.0,4352298.0,The Wolf of Wall Street,https://letterboxd.com/film/the-wolf-of-wall-street/,200
675353,3.11,473286.0,Sonic the Hedgehog 2,https://letterboxd.com/film/sonic-the-hedgehog-2/,200
399579,3.24,474850.0,Alita: Battle Angel,https://letterboxd.com/film/alita-battle-angel/,200
573435,3.18,286605.0,Bad Boys: Ride or Die,https://letterboxd.com/film/bad-boys-ride-or-die/,200
1735,2.27,152720.0,The Mummy: Tomb of the Dragon Emperor,https://letterboxd.com/film/the-mummy-tomb-of-the-dragon-emperor/,200
70981,3.32,779139.0,Prometheus,https://letterboxd.com/film/prometheus/,200
770,3.86,278390.0,Gone with the Wind,https://letterboxd.com/film/gone-with-the-wind/,200
524434,2.68,1310742.0,Eternals,https://letterboxd.com/film/eternals/,200
1723126,,,Her Story,https://letterboxd.com/film/her-story-1/,200
1618688,,,Kervin Civil War - Part 1,https://letterboxd.com/film/kervin-civil-war-part-1/,200
1368166,3.05,1716657.0,The Housemaid,https://letterboxd.com/film/the-housemaid-2025/,200
615656,2.06,348337.0,Meg 2: The Trench,https://letterboxd.com/film/meg-2-the-trench/,200
956,3.42,527886.0,Mission: Impossible III,https://letterboxd.com/film/mission-impossible-iii/,200
653346,3.32,659959.0,Kingdom of the Planet of the Apes,https://letterboxd.com/film/kingdom-of-the-planet-of-the-apes/,200
58595,2.65,247447.0,Snow White and the Huntsman,https://letterboxd.com/film/snow-white-and-the-huntsman/,200
621,3.57,1215608.0,Grease,https://letterboxd.com/film/grease/,200
458423,3.46,805769.0,Mamma Mia! Here We Go Again,https://letterboxd.com/film/mamma-mia-here-we-go-again/,200
324857,4.4,4973100.0,Spider-Man: Into the Spider-Verse,https://letterboxd.com/film/spider-man-into-the-spider-verse/,200
1083381,3.32,2973250.0,Backrooms,https://letterboxd.com/film/backrooms-2026/,200
466272,3.78,3306033.0,Once Upon a Time... in Hollywood,https://letterboxd.com/film/once-upon-a-time-in-hollywood/,200
8966,3.11,2492862.0,Twilight,https://letterboxd.com/film/twilight-2008/,200
436270,2.22,580471.0,Black Adam,https://letterboxd.com/film/black-adam/,200
923192,3.23,893.0,Too Cool to Kill,https://letterboxd.com/film/too-cool-to-kill/,200
348350,2.9,887505.0,Solo: A Star Wars Story,https://letterboxd.com/film/solo-a-star-wars-story/,200
1452,2.71,190732.0,Superman Returns,https://letterboxd.com/film/superman-returns/,200
8367,3.3,115888.0,Robin Hood: Prince of Thieves,https://letterboxd.com/film/robin-hood-prince-of-thieves/,200
85,4.16,1362405.0,Raiders of the Lost Ark,https://letterboxd.com/film/raiders-of-the-lost-ark/,200
1327819,3.69,958132.0,Hoppers,https://letterboxd.com/film/hoppers/,200
47933,2.12,148247.0,Independence Day: Resurgence,https://letterboxd.com/film/independence-day-resurgence/,200
373571,2.93,472449.0,Godzilla: King of the Monsters,https://letterboxd.com/film/godzilla-king-of-the-monsters-2019/,200
334298,3.0,3901.0,Monster Hunt,https://letterboxd.com/film/monster-hunt/,200
13475,3.65,367045.0,Star Trek,https://letterboxd.com/film/star-trek/,200
9836,3.08,501252.0,Happy Feet,https://letterboxd.com/film/happy-feet/,200
335977,2.9,596235.0,Indiana Jones and the Dial of Destiny,https://letterboxd.com/film/indiana-jones-and-the-dial-of-destiny/,200
260514,3.15,721688.0,Cars 3,https://letterboxd.com/film/cars-3/,200
1571,2.97,157003.0,Live Free or Die Hard,https://letterboxd.com/film/live-free-or-die-hard/,200
425,3.61,1265833.0,Ice Age,https://letterboxd.com/film/ice-age/,200
986056,3.56,2075465.0,Thunderbolts*,https://letterboxd.com/film/thunderbolts/,200
341174,2.09,238514.0,Fifty Shades Darker,https://letterboxd.com/film/fifty-shades-darker/,200
15512,2.98,430384.0,Monsters vs Aliens,https://letterboxd.com/film/monsters-vs-aliens/,200
105,4.22,2938272.0,Back to the Future,https://letterboxd.com/film/back-to-the-future/,200
497698,2.97,1751891.0,Black Widow,https://letterboxd.com/film/black-widow-2021/,200
929,2.31,172927.0,Godzilla,https://letterboxd.com/film/godzilla-1998/,200
36955,3.6,206518.0,True Lies,https://letterboxd.com/film/true-lies/,200
76341,4.17,2264002.0,Mad Max: Fury Road,https://letterboxd.com/film/mad-max-fury-road/,200
12405,3.97,731792.0,Slumdog Millionaire,https://letterboxd.com/film/slumdog-millionaire/,200
9325,3.71,402597.0,The Jungle Book,https://letterboxd.com/film/the-jungle-book/,200
495278,3.05,9690.0,Limonov: The Ballad,https://letterboxd.com/film/limonov-the-ballad/,200
82675,2.71,195192.0,Taken 2,https://letterboxd.com/film/taken-2/,200
538331,2.89,1947.0,Hello Mr. Billionaire,https://letterboxd.com/film/hello-mr-billionaire/,200
272,3.85,2365553.0,Batman Begins,https://letterboxd.com/film/batman-begins/,200
3981,2.87,213483.0,What Women Want,https://letterboxd.com/film/what-women-want/,200
17578,3.69,418523.0,The Adventures of Tintin,https://letterboxd.com/film/the-adventures-of-tintin/,200
270946,3.24,307059.0,Penguins of Madagascar,https://letterboxd.com/film/penguins-of-madagascar-2014/,200
2080,2.6,711398.0,X-Men Origins: Wolverine,https://letterboxd.com/film/x-men-origins-wolverine/,200
718821,3.24,1115195.0,Twisters,https://letterboxd.com/film/twisters/,200
2268,2.77,177222.0,The Golden Compass,https://letterboxd.com/film/the-golden-compass/,200
337167,2.06,196812.0,Fifty Shades Freed,https://letterboxd.com/film/fifty-shades-freed/,200
72559,2.26,92317.0,G.I. Joe: Retaliation,https://letterboxd.com/film/gi-joe-retaliation/,200
8488,3.17,319923.0,Hitch,https://letterboxd.com/film/hitch-2005/,200
1233413,4.1,4849184.0,Sinners,https://letterboxd.com/film/sinners-2025/,200
534,2.64,193289.0,Terminator Salvation,https://letterboxd.com/film/terminator-salvation/,200
210577,4.07,3305134.0,Gone Girl,https://letterboxd.com/film/gone-girl/,200
1771,3.38,2133545.0,Captain America: The First Avenger,https://letterboxd.com/film/captain-america-the-first-avenger/,200
137113,3.78,876379.0,Edge of Tomorrow,https://letterboxd.com/film/edge-of-tomorrow/,200
544,3.22,316249.0,There's Something About Mary,https://letterboxd.com/film/theres-something-about-mary/,200
856289,3.35,9336.0,Creation of the Gods I: Kingdom of Storms,https://letterboxd.com/film/creation-of-the-gods-i-kingdom-of-storms/,200
5503,3.92,323349.0,The Fugitive,https://letterboxd.com/film/the-fugitive-1993/,200
228161,2.99,377057.0,Home,https://letterboxd.com/film/home-2015/,200
331,2.97,551250.0,Jurassic Park III,https://letterboxd.com/film/jurassic-park-iii/,200
8346,3.43,274412.0,My Big Fat Greek Wedding,https://letterboxd.com/film/my-big-fat-greek-wedding/,200
287947,3.01,885619.0,Shazam!,https://letterboxd.com/film/shazam/,200
10555,3.07,662950.0,Shark Tale,https://letterboxd.com/film/shark-tale/,200
1572,3.75,257077.0,Die Hard With a Vengeance,https://letterboxd.com/film/die-hard-with-a-vengeance/,200
439079,2.37,718699.0,The Nun,https://letterboxd.com/film/the-nun-2018/,200
577922,3.47,1910266.0,Tenet,https://letterboxd.com/film/tenet/,200
509,3.69,1575762.0,Notting Hill,https://letterboxd.com/film/notting-hill/,200
9487,3.51,863865.0,A Bug's Life,https://letterboxd.com/film/a-bugs-life/,200
181533,2.91,299834.0,Night at the Museum: Secret of the Tomb,https://letterboxd.com/film/night-at-the-museum-secret-of-the-tomb/,200
13804,3.03,503427.0,Fast & Furious,https://letterboxd.com/film/fast-furious/,200
163,3.39,610754.0,Ocean's Twelve,https://letterboxd.com/film/oceans-twelve/,200
86834,2.6,198013.0,Noah,https://letterboxd.com/film/noah/,200
869,2.37,165557.0,Planet of the Apes,https://letterboxd.com/film/planet-of-the-apes-2001/,200
109439,2.8,623166.0,The Hangover Part III,https://letterboxd.com/film/the-hangover-part-iii/,200
36643,2.94,128867.0,The World Is Not Enough,https://letterboxd.com/film/the-world-is-not-enough/,200
497984,2.81,1757.0,Monster Hunt 2,https://letterboxd.com/film/monster-hunt-2/,200
6477,2.9,605859.0,Alvin and the Chipmunks,https://letterboxd.com/film/alvin-and-the-chipmunks/,200
38575,3.22,633158.0,The Karate Kid,https://letterboxd.com/film/the-karate-kid-2010/,200
772,3.61,1254374.0,Home Alone 2: Lost in New York,https://letterboxd.com/film/home-alone-2-lost-in-new-york/,200
76492,3.42,840924.0,Hotel Transylvania,https://letterboxd.com/film/hotel-transylvania/,200
180,3.79,583007.0,Minority Report,https://letterboxd.com/film/minority-report/,200
744,3.54,1244499.0,Top Gun,https://letterboxd.com/film/top-gun/,200
258489,2.54,146683.0,The Legend of Tarzan,https://letterboxd.com/film/the-legend-of-tarzan/,200
14,3.94,1245914.0,American Beauty,https://letterboxd.com/film/american-beauty/,200
72545,2.6,182403.0,Journey 2: The Mysterious Island,https://letterboxd.com/film/journey-2-the-mysterious-island/,200
568,3.82,321290.0,Apollo 13,https://letterboxd.com/film/apollo-13/,200
380,3.9,593858.0,Rain Man,https://letterboxd.com/film/rain-man/,200
10567,3.04,170550.0,Dinosaur,https://letterboxd.com/film/dinosaur/,200
49538,3.62,1027319.0,X-Men: First Class,https://letterboxd.com/film/x-men-first-class/,200
329996,2.62,190232.0,Dumbo,https://letterboxd.com/film/dumbo-2019/,200
402,3.63,322094.0,Basic Instinct,https://letterboxd.com/film/basic-instinct/,200
392044,3.17,592549.0,Murder on the Orient Express,https://letterboxd.com/film/murder-on-the-orient-express-2017/,200
710,3.58,228953.0,GoldenEye,https://letterboxd.com/film/goldeneye/,200
640,4.06,2677357.0,Catch Me If You Can,https://letterboxd.com/film/catch-me-if-you-can-2002/,200
75656,3.48,1441741.0,Now You See Me,https://letterboxd.com/film/now-you-see-me/,200
9740,3.3,391562.0,Hannibal,https://letterboxd.com/film/hannibal/,200
854,3.43,999371.0,The Mask,https://letterboxd.com/film/the-mask-1994/,200
856,3.98,488732.0,Who Framed Roger Rabbit,https://letterboxd.com/film/who-framed-roger-rabbit/,200
1079091,2.33,830674.0,It Ends with Us,https://letterboxd.com/film/it-ends-with-us/,200
381719,2.8,172781.0,Peter Rabbit,https://letterboxd.com/film/peter-rabbit/,200
64682,3.49,1595438.0,The Great Gatsby,https://letterboxd.com/film/the-great-gatsby-2013/,200
945961,3.59,1301000.0,Alien: Romulus,https://letterboxd.com/film/alien-romulus/,200
1637,3.7,482649.0,Speed,https://letterboxd.com/film/speed/,200
153518,2.81,289376.0,The Angry Birds Movie,https://letterboxd.com/film/the-angry-birds-movie/,200
8656,2.98,115573.0,Deep Impact,https://letterboxd.com/film/deep-impact/,200
73723,3.38,707071.0,The Lorax,https://letterboxd.com/film/the-lorax-2012/,200
400650,3.06,250091.0,Mary Poppins Returns,https://letterboxd.com/film/mary-poppins-returns/,200
198663,3.59,1773271.0,The Maze Runner,https://letterboxd.com/film/the-maze-runner/,200
2059,3.36,445767.0,National Treasure,https://letterboxd.com/film/national-treasure/,200
77931,2.28,156574.0,The Smurfs 2,https://letterboxd.com/film/the-smurfs-2/,200
136799,2.85,362848.0,Trolls,https://letterboxd.com/film/trolls/,200
5175,3.49,348527.0,Rush Hour 2,https://letterboxd.com/film/rush-hour-2/,200
2048,3.23,488724.0,"I, Robot",https://letterboxd.com/film/i-robot/,200
47971,2.26,65847.0,xXx: Return of Xander Cage,https://letterboxd.com/film/xxx-return-of-xander-cage/,200
10530,3.3,548830.0,Pocahontas,https://letterboxd.com/film/pocahontas/,200
8871,3.62,1252404.0,How the Grinch Stole Christmas,https://letterboxd.com/film/how-the-grinch-stole-christmas-2000/,200
1228710,3.08,555113.0,The Mandalorian and Grogu,https://letterboxd.com/film/the-mandalorian-and-grogu/,200
188927,3.28,236559.0,Star Trek Beyond,https://letterboxd.com/film/star-trek-beyond/,200
7518,3.37,494109.0,Over the Hedge,https://letterboxd.com/film/over-the-hedge/,200
55301,2.69,229246.0,Alvin and the Chipmunks: Chipwrecked,https://letterboxd.com/film/alvin-and-the-chipmunks-chipwrecked/,200
8909,3.08,279520.0,Wanted,https://letterboxd.com/film/wanted-2008/,200
888,2.61,105393.0,The Flintstones,https://letterboxd.com/film/the-flintstones/,200
447332,3.64,2077506.0,A Quiet Place,https://letterboxd.com/film/a-quiet-place-2018/,200
4523,3.58,711674.0,Enchanted,https://letterboxd.com/film/enchanted/,200
53182,2.51,143095.0,300: Rise of an Empire,https://letterboxd.com/film/300-rise-of-an-empire/,200
1147596,3.12,1186.0,Article 20,https://letterboxd.com/film/article-20/,200
695721,3.59,1992094.0,The Hunger Games: The Ballad of Songbirds & Snakes,https://letterboxd.com/film/the-hunger-games-the-ballad-of-songbirds-snakes/,200
414,2.58,361369.0,Batman Forever,https://letterboxd.com/film/batman-forever/,200
9543,2.62,189329.0,Prince of Persia: The Sands of Time,https://letterboxd.com/film/prince-of-persia-the-sands-of-time/,200
4922,3.7,1103612.0,The Curious Case of Benjamin Button,https://letterboxd.com/film/the-curious-case-of-benjamin-button/,200
9802,3.6,198682.0,The Rock,https://letterboxd.com/film/the-rock/,200
291805,3.13,830702.0,Now You See Me 2,https://letterboxd.com/film/now-you-see-me-2/,200
58574,3.39,413251.0,Sherlock Holmes: A Game of Shadows,https://letterboxd.com/film/sherlock-holmes-a-game-of-shadows/,200
479306,2.97,923.0,Never Say Die,https://letterboxd.com/film/never-say-die-2017/,200
1108211,3.31,15580.0,Lost in the Stars,https://letterboxd.com/film/lost-in-the-stars-2022/,200
116149,3.8,1013253.0,Paddington,https://letterboxd.com/film/paddington/,200
9738,2.76,685547.0,Fantastic Four,https://letterboxd.com/film/fantastic-four-2005/,200
714,3.11,147727.0,Tomorrow Never Dies,https://letterboxd.com/film/tomorrow-never-dies/,200
87,3.67,840693.0,Indiana Jones and the Temple of Doom,https://letterboxd.com/film/indiana-jones-and-the-temple-of-doom/,200
105864,3.0,464303.0,The Good Dinosaur,https://letterboxd.com/film/the-good-dinosaur/,200
331482,4.19,3029265.0,Little Women,https://letterboxd.com/film/little-women-2019/,200
165,3.91,1195955.0,Back to the Future Part II,https://letterboxd.com/film/back-to-the-future-part-ii/,200
1184918,4.21,1434734.0,The Wild Robot,https://letterboxd.com/film/the-wild-robot/,200
311324,2.33,119337.0,The Great Wall,https://letterboxd.com/film/the-great-wall-2016/,200
550988,3.02,1292618.0,Free Guy,https://letterboxd.com/film/free-guy/,200
187017,3.39,898800.0,22 Jump Street,https://letterboxd.com/film/22-jump-street/,200
1597,3.36,448438.0,Meet the Parents,https://letterboxd.com/film/meet-the-parents/,200
44214,4.17,3366031.0,Black Swan,https://letterboxd.com/film/black-swan/,200
2133,3.18,88510.0,The Perfect Storm,https://letterboxd.com/film/the-perfect-storm/,200
458156,3.71,1066986.0,John Wick: Chapter 3 – Parabellum,https://letterboxd.com/film/john-wick-chapter-3-parabellum/,200
9671,3.09,77570.0,Crocodile Dundee,https://letterboxd.com/film/crocodile-dundee/,200
807,4.39,3967282.0,Se7en,https://letterboxd.com/film/se7en/,200
350,3.82,3577296.0,The Devil Wears Prada,https://letterboxd.com/film/the-devil-wears-prada/,200
260346,2.39,136607.0,Taken 3,https://letterboxd.com/film/taken-3/,200
10545,3.76,444859.0,The Hunchback of Notre Dame,https://letterboxd.com/film/the-hunchback-of-notre-dame-1996/,200
17979,3.24,320659.0,A Christmas Carol,https://letterboxd.com/film/a-christmas-carol-2009/,200
228165,2.76,200170.0,The SpongeBob Movie: Sponge Out of Water,https://letterboxd.com/film/the-spongebob-movie-sponge-out-of-water/,200
259693,3.48,1075752.0,The Conjuring 2,https://letterboxd.com/film/the-conjuring-2/,200
38055,3.77,1277828.0,Megamind,https://letterboxd.com/film/megamind/,200
490132,3.89,1296110.0,Green Book,https://letterboxd.com/film/green-book/,200
943,3.26,86557.0,Lethal Weapon 3,https://letterboxd.com/film/lethal-weapon-3/,200
20943,2.71,219696.0,The Ugly Truth,https://letterboxd.com/film/the-ugly-truth/,200
20662,2.84,156960.0,Robin Hood,https://letterboxd.com/film/robin-hood-2010/,200
16869,4.37,3943096.0,Inglourious Basterds,https://letterboxd.com/film/inglourious-basterds/,200
424,4.54,1517992.0,Schindler's List,https://letterboxd.com/film/schindlers-list/,200
138843,3.64,2038873.0,The Conjuring,https://letterboxd.com/film/the-conjuring/,200
11674,2.95,217982.0,101 Dalmatians,https://letterboxd.com/film/101-dalmatians/,200
10998,3.47,138701.0,Fatal Attraction,https://letterboxd.com/film/fatal-attraction/,200
454626,2.95,710860.0,Sonic the Hedgehog,https://letterboxd.com/film/sonic-the-hedgehog/,200
10196,1.2,297185.0,The Last Airbender,https://letterboxd.com/film/the-last-airbender/,200
5255,3.34,946469.0,The Polar Express,https://letterboxd.com/film/the-polar-express/,200
574475,3.22,1252391.0,Final Destination Bloodlines,https://letterboxd.com/film/final-destination-bloodlines/,200
18240,3.39,1043136.0,The Proposal,https://letterboxd.com/film/the-proposal-2009/,200
453,3.88,671718.0,A Beautiful Mind,https://letterboxd.com/film/a-beautiful-mind/,200
90,3.64,254980.0,Beverly Hills Cop,https://letterboxd.com/film/beverly-hills-cop/,200
9772,3.26,146308.0,Air Force One,https://letterboxd.com/film/air-force-one/,200
406997,3.62,712749.0,Wonder,https://letterboxd.com/film/wonder-2017/,200
916224,3.83,456347.0,Suzume,https://letterboxd.com/film/suzume/,200
76163,2.8,158790.0,The Expendables 2,https://letterboxd.com/film/the-expendables-2/,200
9982,2.9,555228.0,Chicken Little,https://letterboxd.com/film/chicken-little-2005/,200
2898,3.64,240102.0,As Good as It Gets,https://letterboxd.com/film/as-good-as-it-gets/,200
546554,3.96,4306601.0,Knives Out,https://letterboxd.com/film/knives-out-2019/,200
294254,3.18,835615.0,Maze Runner: The Scorch Trials,https://letterboxd.com/film/maze-runner-the-scorch-trials/,200
173897,2.26,108803.0,Resident Evil: The Final Chapter,https://letterboxd.com/film/resident-evil-the-final-chapter/,200
817,3.34,297236.0,Austin Powers: The Spy Who Shagged Me,https://letterboxd.com/film/austin-powers-the-spy-who-shagged-me/,200
1718705,,,The Last Kingdom of Ash,https://letterboxd.com/film/the-last-kingdom-of-ash/,200
324849,4.0,1209740.0,The Lego Batman Movie,https://letterboxd.com/film/the-lego-batman-movie/,200
298,3.44,442260.0,Ocean's Thirteen,https://letterboxd.com/film/oceans-thirteen/,200
360814,3.95,104676.0,Dangal,https://letterboxd.com/film/dangal/,200
39451,2.54,148432.0,Little Fockers,https://letterboxd.com/film/little-fockers/,200
13053,3.24,737322.0,Bolt,https://letterboxd.com/film/bolt/,200
4806,2.97,146086.0,Runaway Bride,https://letterboxd.com/film/runaway-bride/,200
3595,3.31,60575.0,Ransom,https://letterboxd.com/film/ransom/,200
22881,3.41,522103.0,The Blind Side,https://letterboxd.com/film/the-blind-side/,200
1108427,2.7,136474.0,Moana,https://letterboxd.com/film/moana/,200
222935,3.24,827057.0,The Fault in Our Stars,https://letterboxd.com/film/the-fault-in-our-stars/,200
1402,4.02,1209955.0,The Pursuit of Happyness,https://letterboxd.com/film/the-pursuit-of-happyness/,200
81188,3.66,529408.0,Rise of the Guardians,https://letterboxd.com/film/rise-of-the-guardians/,200
840,3.82,356465.0,Close Encounters of the Third Kind,https://letterboxd.com/film/close-encounters-of-the-third-kind/,200
1574,4.04,533220.0,Chicago,https://letterboxd.com/film/chicago/,200
396422,3.06,412230.0,Annabelle: Creation,https://letterboxd.com/film/annabelle-creation/,200
1391021,3.75,1594.0,Once Upon a Time in the Middle East,https://letterboxd.com/film/once-upon-a-time-in-the-middle-east/,200
447200,2.34,176817.0,Skyscraper,https://letterboxd.com/film/skyscraper-2018/,200
47964,1.87,101996.0,A Good Day to Die Hard,https://letterboxd.com/film/a-good-day-to-die-hard/,200
10674,4.17,1397471.0,Mulan,https://letterboxd.com/film/mulan/,200
274870,2.93,750164.0,Passengers,https://letterboxd.com/film/passengers-2016/,200
44833,2.31,129865.0,Battleship,https://letterboxd.com/film/battleship/,200
12230,3.74,446890.0,One Hundred and One Dalmatians,https://letterboxd.com/film/one-hundred-and-one-dalmatians/,200
1624,3.35,459517.0,Liar Liar,https://letterboxd.com/film/liar-liar/,200
14869,2.35,119715.0,G.I. Joe: The Rise of Cobra,https://letterboxd.com/film/gi-joe-the-rise-of-cobra/,200
57165,2.38,103107.0,Wrath of the Titans,https://letterboxd.com/film/wrath-of-the-titans/,200
1979,2.54,486867.0,Fantastic Four: Rise of the Silver Surfer,https://letterboxd.com/film/fantastic-four-rise-of-the-silver-surfer/,200
879,3.48,424801.0,Hook,https://letterboxd.com/film/hook/,200
1924,3.73,280282.0,Superman,https://letterboxd.com/film/superman/,200
1374,3.78,371977.0,Rocky IV,https://letterboxd.com/film/rocky-iv/,200
1369,3.2,146886.0,Rambo: First Blood Part II,https://letterboxd.com/film/rambo-first-blood-part-ii/,200
7131,2.9,285010.0,Van Helsing,https://letterboxd.com/film/van-helsing/,200
35791,2.55,132153.0,Resident Evil: Afterlife,https://letterboxd.com/film/resident-evil-afterlife/,200
10137,2.94,398183.0,Stuart Little,https://letterboxd.com/film/stuart-little/,200
1709464,,,,https://letterboxd.com/tmdb/1709464/,200
96,3.28,111368.0,Beverly Hills Cop II,https://letterboxd.com/film/beverly-hills-cop-ii/,200
241259,2.99,343205.0,Alice Through the Looking Glass,https://letterboxd.com/film/alice-through-the-looking-glass-2016/,200
39254,3.53,402146.0,Real Steel,https://letterboxd.com/film/real-steel/,200
8874,3.19,376917.0,My Best Friend's Wedding,https://letterboxd.com/film/my-best-friends-wedding/,200
940551,3.13,195618.0,Migration,https://letterboxd.com/film/migration-2023/,200
12222,3.14,315739.0,Horton Hears a Who!,https://letterboxd.com/film/horton-hears-a-who-2008/,200
402900,3.41,1035912.0,Ocean's Eight,https://letterboxd.com/film/oceans-eight/,200
520763,3.41,1014172.0,A Quiet Place Part II,https://letterboxd.com/film/a-quiet-place-part-ii/,200
507089,2.6,1671063.0,Five Nights at Freddy's,https://letterboxd.com/film/five-nights-at-freddys/,200
262500,2.62,454389.0,Insurgent,https://letterboxd.com/film/insurgent/,200
9494,2.96,73145.0,Look Who's Talking,https://letterboxd.com/film/look-whos-talking/,200
818,3.09,256060.0,Austin Powers in Goldmember,https://letterboxd.com/film/austin-powers-in-goldmember/,200
620,3.75,999386.0,Ghostbusters,https://letterboxd.com/film/ghostbusters/,200
283366,3.37,758732.0,Miss Peregrine's Home for Peculiar Children,https://letterboxd.com/film/miss-peregrines-home-for-peculiar-children/,200
36657,3.35,1021980.0,X-Men,https://letterboxd.com/film/x-men/,200
364689,3.04,119470.0,Ferdinand,https://letterboxd.com/film/ferdinand/,200
11324,4.2,3765496.0,Shutter Island,https://letterboxd.com/film/shutter-island/,200
3050,2.73,123130.0,Doctor Dolittle,https://letterboxd.com/film/doctor-dolittle-1998/,200
508883,3.9,1309188.0,The Boy and the Heron,https://letterboxd.com/film/the-boy-and-the-heron/,200
27576,2.97,193649.0,Salt,https://letterboxd.com/film/salt-2010/,200
19585,2.38,150383.0,G-Force,https://letterboxd.com/film/g-force/,200
1422,4.35,1732862.0,The Departed,https://letterboxd.com/film/the-departed/,200
2655,3.17,106539.0,What Lies Beneath,https://letterboxd.com/film/what-lies-beneath/,200
37786,2.35,155974.0,Sex and the City 2,https://letterboxd.com/film/sex-and-the-city-2/,200
346648,4.1,739948.0,Paddington 2,https://letterboxd.com/film/paddington-2/,200
268896,2.21,199835.0,Pacific Rim: Uprising,https://letterboxd.com/film/pacific-rim-uprising/,200
1934,3.32,156150.0,Shakespeare in Love,https://letterboxd.com/film/shakespeare-in-love/,200
157350,3.11,995664.0,Divergent,https://letterboxd.com/film/divergent/,200
9602,3.58,276916.0,Coming to America,https://letterboxd.com/film/coming-to-america/,200
614934,3.38,1145365.0,Elvis,https://letterboxd.com/film/elvis-2022/,200
2502,3.63,332981.0,The Bourne Supremacy,https://letterboxd.com/film/the-bourne-supremacy/,200
9522,3.2,412504.0,Wedding Crashers,https://letterboxd.com/film/wedding-crashers/,200
336843,3.32,761575.0,Maze Runner: The Death Cure,https://letterboxd.com/film/maze-runner-the-death-cure/,200
55721,3.43,733603.0,Bridesmaids,https://letterboxd.com/film/bridesmaids/,200
8839,3.19,304330.0,Casper,https://letterboxd.com/film/casper/,200
5559,3.01,900988.0,Bee Movie,https://letterboxd.com/film/bee-movie/,200
2770,3.03,242257.0,American Pie 2,https://letterboxd.com/film/american-pie-2/,200
254470,3.15,612699.0,Pitch Perfect 2,https://letterboxd.com/film/pitch-perfect-2/,200
497,4.3,1480298.0,The Green Mile,https://letterboxd.com/film/the-green-mile/,200
15121,4.25,728025.0,The Sound of Music,https://letterboxd.com/film/the-sound-of-music/,200
75612,3.16,324346.0,Oblivion,https://letterboxd.com/film/oblivion-2013/,200
68724,2.97,278576.0,Elysium,https://letterboxd.com/film/elysium-2013/,200
944,3.16,75280.0,Lethal Weapon 4,https://letterboxd.com/film/lethal-weapon-4/,200
49529,2.79,160780.0,John Carter,https://letterboxd.com/film/john-carter/,200
591273,3.19,770043.0,Fear Street: 1994,https://letterboxd.com/film/fear-street-1994/,200
77950,2.78,328449.0,Turbo,https://letterboxd.com/film/turbo/,200
634,3.48,867195.0,Bridget Jones's Diary,https://letterboxd.com/film/bridget-joness-diary/,200
350312,3.87,55118.0,Bāhubali 2: The Conclusion,https://letterboxd.com/film/bahubali-2-the-conclusion/,200
364,3.6,537823.0,Batman Returns,https://letterboxd.com/film/batman-returns/,200
37710,2.69,193160.0,The Tourist,https://letterboxd.com/film/the-tourist/,200
381288,3.54,1949610.0,Split,https://letterboxd.com/film/split-2016/,200
299824,2.89,1698.0,Mojin: The Lost Legend,https://letterboxd.com/film/mojin-the-lost-legend/,200
4247,3.25,1026884.0,Scary Movie,https://letterboxd.com/film/scary-movie-2000/,200
7451,2.56,95625.0,xXx,https://letterboxd.com/film/xxx/,200
49040,2.85,144834.0,The Bourne Legacy,https://letterboxd.com/film/the-bourne-legacy/,200
1228564,3.19,219.0,Boonie Bears: Time Twist,https://letterboxd.com/film/boonie-bears-time-twist/,200
9637,3.45,873354.0,Scooby-Doo,https://letterboxd.com/film/scooby-doo/,200
677179,3.44,475401.0,Creed III,https://letterboxd.com/film/creed-iii/,200
72976,3.59,233982.0,Lincoln,https://letterboxd.com/film/lincoln/,200
129,4.43,3993189.0,Spirited Away,https://letterboxd.com/film/spirited-away/,200
1995,2.73,206132.0,Lara Croft: Tomb Raider,https://letterboxd.com/film/lara-croft-tomb-raider/,200
338970,2.78,248531.0,Tomb Raider,https://letterboxd.com/film/tomb-raider/,200
27578,2.79,219168.0,The Expendables,https://letterboxd.com/film/the-expendables/,200
1321624,2.56,1006.0,731,https://letterboxd.com/film/731-evil-unbound/,200
9390,3.61,417757.0,Jerry Maguire,https://letterboxd.com/film/jerry-maguire/,200
8961,3.3,248314.0,Bad Boys II,https://letterboxd.com/film/bad-boys-ii/,200
11544,4.06,1130975.0,Lilo & Stitch,https://letterboxd.com/film/lilo-stitch/,200
82703,3.39,256362.0,Mr. Peabody & Sherman,https://letterboxd.com/film/mr-peabody-sherman/,200
274,4.34,3334204.0,The Silence of the Lambs,https://letterboxd.com/film/the-silence-of-the-lambs/,200
38365,3.38,1023879.0,Grown Ups,https://letterboxd.com/film/grown-ups/,200
298618,2.44,668676.0,The Flash,https://letterboxd.com/film/the-flash/,200
10198,4.0,1166837.0,The Princess and the Frog,https://letterboxd.com/film/the-princess-and-the-frog/,200
195589,2.92,435678.0,Neighbors,https://letterboxd.com/film/neighbors-2014/,200
37233,3.48,151459.0,The Firm,https://letterboxd.com/film/the-firm-1993/,200
138832,3.34,815763.0,We're the Millers,https://letterboxd.com/film/were-the-millers/,200
13223,3.84,533301.0,Gran Torino,https://letterboxd.com/film/gran-torino/,200
6964,3.26,142173.0,Something's Gotta Give,https://letterboxd.com/film/somethings-gotta-give/,200
1078605,3.58,3269438.0,Weapons,https://letterboxd.com/film/weapons-2025/,200
7840,2.1,56719.0,"10,000 BC",https://letterboxd.com/film/10000-bc/,200
4982,3.96,406564.0,American Gangster,https://letterboxd.com/film/american-gangster/,200
968051,2.45,446474.0,The Nun II,https://letterboxd.com/film/the-nun-ii/,200
116711,3.11,168031.0,Epic,https://letterboxd.com/film/epic/,200
147441,2.53,94752.0,Exodus: Gods and Kings,https://letterboxd.com/film/exodus-gods-and-kings/,200
3170,3.57,474997.0,Bambi,https://letterboxd.com/film/bambi/,200
4478,2.91,69511.0,Indecent Proposal,https://letterboxd.com/film/indecent-proposal/,200
9801,3.06,289153.0,Bridget Jones: The Edge of Reason,https://letterboxd.com/film/bridget-jones-the-edge-of-reason/,200
1724,2.58,1023938.0,The Incredible Hulk,https://letterboxd.com/film/the-incredible-hulk/,200
9804,2.94,129351.0,Waterworld,https://letterboxd.com/film/waterworld/,200
37165,4.22,5292927.0,The Truman Show,https://letterboxd.com/film/the-truman-show/,200
4327,3.26,433776.0,Charlie's Angels,https://letterboxd.com/film/charlies-angels/,200
18,3.77,614357.0,The Fifth Element,https://letterboxd.com/film/the-fifth-element/,200
11224,3.58,530419.0,Cinderella,https://letterboxd.com/film/cinderella/,200
8844,3.67,960201.0,Jumanji,https://letterboxd.com/film/jumanji/,200
496,3.72,915582.0,Borat: Cultural Learnings of America for Make Benefit Glorious Nation of Kazakhstan,https://letterboxd.com/film/borat-cultural-learnings-of-america-for-make-benefit-glorious-nation-of-kazakhstan/,200
9928,3.4,564095.0,Robots,https://letterboxd.com/film/robots/,200
37834,2.89,187665.0,Knight and Day,https://letterboxd.com/film/knight-and-day/,200
762441,3.14,1006180.0,A Quiet Place: Day One,https://letterboxd.com/film/a-quiet-place-day-one/,200
1160164,4.31,335508.0,Taylor Swift: The Eras Tour,https://letterboxd.com/film/taylor-swift-the-eras-tour/,200
861,3.82,365458.0,Total Recall,https://letterboxd.com/film/total-recall/,200
568124,3.47,1680271.0,Encanto,https://letterboxd.com/film/encanto/,200
13576,3.62,42559.0,This Is It,https://letterboxd.com/film/this-is-it-2009/,200
290859,2.59,204302.0,Terminator: Dark Fate,https://letterboxd.com/film/terminator-dark-fate/,200
57201,2.75,166827.0,The Lone Ranger,https://letterboxd.com/film/the-lone-ranger/,200
37686,3.53,353642.0,Super 8,https://letterboxd.com/film/super-8/,200
424139,3.22,560083.0,Halloween,https://letterboxd.com/film/halloween-2018/,200
335984,4.1,2329579.0,Blade Runner 2049,https://letterboxd.com/film/blade-runner-2049/,200
9471,3.0,157905.0,Charlie's Angels: Full Throttle,https://letterboxd.com/film/charlies-angels-full-throttle/,200
62351,3.35,216.0,The Dollars Are Coming!,https://letterboxd.com/film/the-dollars-are-coming/,200
5174,3.08,243137.0,Rush Hour 3,https://letterboxd.com/film/rush-hour-3/,200
783675,4.25,83940.0,The First Slam Dunk,https://letterboxd.com/film/the-first-slam-dunk/,200
9427,3.73,100188.0,The Full Monty,https://letterboxd.com/film/the-full-monty/,200
496243,4.52,5834607.0,Parasite,https://letterboxd.com/film/parasite-2019/,200
250546,2.55,598005.0,Annabelle,https://letterboxd.com/film/annabelle/,200
6947,3.38,349568.0,The Village,https://letterboxd.com/film/the-village/,200
462,3.91,437933.0,Erin Brockovich,https://letterboxd.com/film/erin-brockovich/,200
458723,3.63,2507566.0,Us,https://letterboxd.com/film/us-2019/,200
575219,3.06,2246.0,Pegasus,https://letterboxd.com/film/pegasus-2019/,200
14306,3.46,281973.0,Marley & Me,https://letterboxd.com/film/marley-me/,200
419430,4.13,4748815.0,Get Out,https://letterboxd.com/film/get-out-2017/,200
9350,3.24,75402.0,Cliffhanger,https://letterboxd.com/film/cliffhanger/,200
1022796,2.26,233097.0,Wish,https://letterboxd.com/film/wish-2023/,200
748783,2.56,191254.0,The Garfield Movie,https://letterboxd.com/film/the-garfield-movie/,200
383785,2.33,7240.0,Kung Fu Yoga,https://letterboxd.com/film/kung-fu-yoga/,200
9598,3.46,201543.0,Babe,https://letterboxd.com/film/babe/,200
479455,2.23,251313.0,Men in Black: International,https://letterboxd.com/film/men-in-black-international/,200
945664,3.92,7730.0,Lighting Up the Stars,https://letterboxd.com/film/lighting-up-the-stars/,200
11199,2.49,64973.0,Wild Hogs,https://letterboxd.com/film/wild-hogs/,200
11887,3.32,430771.0,High School Musical 3: Senior Year,https://letterboxd.com/film/high-school-musical-3-senior-year/,200
11970,3.86,1002341.0,Hercules,https://letterboxd.com/film/hercules-1997/,200
1089654,3.55,1625.0,Chang'an,https://letterboxd.com/film/changan/,200
320288,2.13,523924.0,Dark Phoenix,https://letterboxd.com/film/dark-phoenix/,200
44264,3.85,383664.0,True Grit,https://letterboxd.com/film/true-grit-2010/,200
448119,2.24,173138.0,Dolittle,https://letterboxd.com/film/dolittle/,200
1281,3.26,95610.0,Bean,https://letterboxd.com/film/bean/,200
168672,3.35,426870.0,American Hustle,https://letterboxd.com/film/american-hustle/,200
9489,3.56,422479.0,You've Got Mail,https://letterboxd.com/film/youve-got-mail/,200
508,3.51,1281287.0,Love Actually,https://letterboxd.com/film/love-actually/,200
9798,3.51,121487.0,Enemy of the State,https://letterboxd.com/film/enemy-of-the-state/,200
678512,3.39,134999.0,Sound of Freedom,https://letterboxd.com/film/sound-of-freedom/,200
2486,1.92,112441.0,Eragon,https://letterboxd.com/film/eragon/,200
10009,3.84,541806.0,Brother Bear,https://letterboxd.com/film/brother-bear/,200
9342,3.47,185799.0,The Mask of Zorro,https://letterboxd.com/film/the-mask-of-zorro/,200
2300,3.33,521577.0,Space Jam,https://letterboxd.com/film/space-jam/,200
629542,3.45,322028.0,The Bad Guys,https://letterboxd.com/film/the-bad-guys-2022/,200
12289,3.73,22298.0,Red Cliff,https://letterboxd.com/film/red-cliff/,200
1756546,3.47,242.0,Batman v Superman: Dawn of Justice: Ultimate Edition,https://letterboxd.com/film/batman-v-superman-dawn-of-justice-ultimate/,200
1198553,,,Nidja's Kitchen 2,https://letterboxd.com/film/nidjas-kitchen-2/,200
565,3.33,542657.0,The Ring,https://letterboxd.com/film/the-ring-2002/,200
435800,2.8,2791.0,Journey to the West: The Demons Strike Back,https://letterboxd.com/film/journey-to-the-west-the-demons-strike-back/,200
2667,3.23,1120559.0,The Blair Witch Project,https://letterboxd.com/film/the-blair-witch-project/,200
109451,2.99,279140.0,Cloudy with a Chance of Meatballs 2,https://letterboxd.com/film/cloudy-with-a-chance-of-meatballs-2/,200
9741,3.69,535064.0,Unbreakable,https://letterboxd.com/film/unbreakable/,200
8467,3.39,516767.0,Dumb and Dumber,https://letterboxd.com/film/dumb-and-dumber/,200
109418,2.97,589890.0,Grown Ups 2,https://letterboxd.com/film/grown-ups-2/,200
450465,2.96,575709.0,Glass,https://letterboxd.com/film/glass-2019/,200
227973,3.7,161084.0,The Peanuts Movie,https://letterboxd.com/film/the-peanuts-movie/,200
44896,3.76,964268.0,Rango,https://letterboxd.com/film/rango/,200
712,3.33,366749.0,Four Weddings and a Funeral,https://letterboxd.com/film/four-weddings-and-a-funeral/,200
754,3.59,345817.0,Face/Off,https://letterboxd.com/film/face-off/,200
308531,2.55,137301.0,Teenage Mutant Ninja Turtles: Out of the Shadows,https://letterboxd.com/film/teenage-mutant-ninja-turtles-out-of-the-shadows/,200
62213,2.87,413786.0,Dark Shadows,https://letterboxd.com/film/dark-shadows/,200
1927,2.52,291035.0,Hulk,https://letterboxd.com/film/hulk/,200
605375,3.01,1068.0,The Bravest,https://letterboxd.com/film/the-bravest/,200
8265,3.35,65396.0,Welcome to the Sticks,https://letterboxd.com/film/welcome-to-the-sticks/,200
238,4.51,2927646.0,The Godfather,https://letterboxd.com/film/the-godfather/,200
257344,2.48,540764.0,Pixels,https://letterboxd.com/film/pixels-2015/,200
184315,2.32,82527.0,Hercules,https://letterboxd.com/film/hercules-2014/,200
2109,3.68,747139.0,Rush Hour,https://letterboxd.com/film/rush-hour/,200
196,3.61,880653.0,Back to the Future Part III,https://letterboxd.com/film/back-to-the-future-part-iii/,200
82700,1.77,185722.0,After Earth,https://letterboxd.com/film/after-earth/,200
425274,2.97,628408.0,Now You See Me: Now You Don't,https://letterboxd.com/film/now-you-see-me-now-you-dont-2025/,200
881,4.07,355357.0,A Few Good Men,https://letterboxd.com/film/a-few-good-men/,200
22794,3.42,877211.0,Cloudy with a Chance of Meatballs,https://letterboxd.com/film/cloudy-with-a-chance-of-meatballs/,200
65,3.65,689691.0,8 Mile,https://letterboxd.com/film/8-mile/,200
274167,2.84,241139.0,Daddy's Home,https://letterboxd.com/film/daddys-home/,200
12154,3.19,52743.0,3 Men and a Baby,https://letterboxd.com/film/3-men-and-a-baby/,200
97020,2.4,150368.0,RoboCop,https://letterboxd.com/film/robocop-2014/,200
9268,2.93,45623.0,Eraser,https://letterboxd.com/film/eraser/,200
1316092,2.74,1523668.0,Wuthering Heights,https://letterboxd.com/film/wuthering-heights-2026/,200
1275779,3.04,1035428.0,Disclosure Day,https://letterboxd.com/film/disclosure-day/,200
126889,3.1,553404.0,Alien: Covenant,https://letterboxd.com/film/alien-covenant/,200
363676,3.51,335384.0,Sully,https://letterboxd.com/film/sully/,200
121856,2.02,183767.0,Assassin's Creed,https://letterboxd.com/film/assassins-creed/,200
9339,3.02,757211.0,Click,https://letterboxd.com/film/click/,200
635389,3.41,4467.0,Jiang Ziya,https://letterboxd.com/film/jiang-ziya/,200
71679,2.5,133025.0,Resident Evil: Retribution,https://letterboxd.com/film/resident-evil-retribution/,200
1573,3.37,271155.0,Die Hard 2,https://letterboxd.com/film/die-hard-2/,200
1175942,3.51,162589.0,The Bad Guys 2,https://letterboxd.com/film/the-bad-guys-2/,200
9396,2.71,30968.0,Crocodile Dundee II,https://letterboxd.com/film/crocodile-dundee-ii/,200
1228246,2.54,902506.0,Five Nights at Freddy's 2,https://letterboxd.com/film/five-nights-at-freddys-2/,200
718930,3.63,2388989.0,Bullet Train,https://letterboxd.com/film/bullet-train/,200
449924,3.28,44915.0,Ip Man 4: The Finale,https://letterboxd.com/film/ip-man-4-the-finale/,200
455207,3.54,1050776.0,Crazy Rich Asians,https://letterboxd.com/film/crazy-rich-asians/,200
415,1.96,359755.0,Batman & Robin,https://letterboxd.com/film/batman-robin/,200
38745,2.24,127949.0,Gulliver's Travels,https://letterboxd.com/film/gullivers-travels-2010/,200
9679,3.09,140818.0,Gone in Sixty Seconds,https://letterboxd.com/film/gone-in-sixty-seconds/,200
11009,3.21,178192.0,Saturday Night Fever,https://letterboxd.com/film/saturday-night-fever/,200
82693,3.74,1043310.0,Silver Linings Playbook,https://letterboxd.com/film/silver-linings-playbook/,200
584,3.28,674959.0,2 Fast 2 Furious,https://letterboxd.com/film/2-fast-2-furious/,200
1022145,3.14,444.0,Home Coming,https://letterboxd.com/film/home-coming-2022/,200
4935,4.36,2716097.0,Howl's Moving Castle,https://letterboxd.com/film/howls-moving-castle/,200
381284,3.92,732802.0,Hidden Figures,https://letterboxd.com/film/hidden-figures/,200
644,3.66,338649.0,A.I. Artificial Intelligence,https://letterboxd.com/film/ai-artificial-intelligence/,200
207,4.36,4004835.0,Dead Poets Society,https://letterboxd.com/film/dead-poets-society/,200
238713,3.22,271747.0,Spy,https://letterboxd.com/film/spy/,200
2105,3.17,532639.0,American Pie,https://letterboxd.com/film/american-pie/,200
71552,2.86,136744.0,American Reunion,https://letterboxd.com/film/american-reunion/,200
9032,3.3,344467.0,Big Daddy,https://letterboxd.com/film/big-daddy/,200
258509,2.27,126281.0,Alvin and the Chipmunks: The Road Chip,https://letterboxd.com/film/alvin-and-the-chipmunks-the-road-chip/,200
205596,3.85,1185564.0,The Imitation Game,https://letterboxd.com/film/the-imitation-game/,200
337404,3.56,1531405.0,Cruella,https://letterboxd.com/film/cruella/,200
10200,2.36,90257.0,The Day the Earth Stood Still,https://letterboxd.com/film/the-day-the-earth-stood-still-2008/,200
65754,3.91,685385.0,The Girl with the Dragon Tattoo,https://letterboxd.com/film/the-girl-with-the-dragon-tattoo-2011/,200
7326,3.74,1666863.0,Juno,https://letterboxd.com/film/juno/,200
68734,3.75,534678.0,Argo,https://letterboxd.com/film/argo/,200
1268,3.36,209789.0,Mr. Bean's Holiday,https://letterboxd.com/film/mr-beans-holiday/,200
409,3.62,119098.0,The English Patient,https://letterboxd.com/film/the-english-patient/,200
1273221,2.35,550817.0,Scary Movie,https://letterboxd.com/film/scary-movie-2026/,200
2005,3.61,241234.0,Sister Act,https://letterboxd.com/film/sister-act/,200
8273,2.83,155443.0,American Wedding,https://letterboxd.com/film/american-wedding/,200
521029,2.61,333885.0,Annabelle Comes Home,https://letterboxd.com/film/annabelle-comes-home/,200
561,3.47,477273.0,Constantine,https://letterboxd.com/film/constantine/,200
11665,2.94,228300.0,Get Smart,https://letterboxd.com/film/get-smart/,200
637,4.42,842219.0,Life Is Beautiful,https://letterboxd.com/film/life-is-beautiful/,200
170882,,,The Black Hand,https://letterboxd.com/film/the-black-hand-1973/,200
136795,3.11,178254.0,The Heat,https://letterboxd.com/film/the-heat/,200
43074,2.35,371032.0,Ghostbusters,https://letterboxd.com/film/ghostbusters-2016/,200
1250,2.59,341322.0,Ghost Rider,https://letterboxd.com/film/ghost-rider/,200
362682,3.14,1862.0,Goodbye Mr. Loser,https://letterboxd.com/film/goodbye-mr-loser/,200
10719,3.45,1125135.0,Elf,https://letterboxd.com/film/elf/,200
942,3.64,115798.0,Lethal Weapon 2,https://letterboxd.com/film/lethal-weapon-2/,200
40805,2.49,130722.0,The Green Hornet,https://letterboxd.com/film/the-green-hornet/,200
858,3.49,354982.0,Sleepless in Seattle,https://letterboxd.com/film/sleepless-in-seattle/,200
606,3.44,69788.0,Out of Africa,https://letterboxd.com/film/out-of-africa/,200
339403,3.71,3232920.0,Baby Driver,https://letterboxd.com/film/baby-driver/,200
37958,2.66,66770.0,Immortals,https://letterboxd.com/film/immortals/,200
8681,3.58,571867.0,Taken,https://letterboxd.com/film/taken/,200
32657,2.79,586347.0,Percy Jackson & the Olympians: The Lightning Thief,https://letterboxd.com/film/percy-jackson-the-olympians-the-lightning-thief/,200
718789,2.73,450083.0,Lightyear,https://letterboxd.com/film/lightyear-2022/,200
559974,3.24,2434.0,Shock Wave 2,https://letterboxd.com/film/shock-wave-2/,200
60304,2.65,137367.0,Hansel & Gretel: Witch Hunters,https://letterboxd.com/film/hansel-gretel-witch-hunters/,200
339964,2.73,255790.0,Valerian and the City of a Thousand Planets,https://letterboxd.com/film/valerian-and-the-city-of-a-thousand-planets/,200
489,4.39,3576549.0,Good Will Hunting,https://letterboxd.com/film/good-will-hunting/,200
575813,4.25,154462.0,Better Days,https://letterboxd.com/film/better-days-2019/,200
359724,4.06,1130226.0,Ford v Ferrari,https://letterboxd.com/film/ford-v-ferrari/,200
37799,3.92,2829920.0,The Social Network,https://letterboxd.com/film/the-social-network/,200
7443,3.62,523187.0,Chicken Run,https://letterboxd.com/film/chicken-run/,200
457251,3.54,3481.0,Youth,https://letterboxd.com/film/youth-2017-1/,200
1701,3.47,225424.0,Con Air,https://letterboxd.com/film/con-air/,200
628,3.6,613838.0,Interview with the Vampire,https://letterboxd.com/film/interview-with-the-vampire/,200
9315,3.08,140949.0,Flightplan,https://letterboxd.com/film/flightplan/,200
10201,3.19,446930.0,Yes Man,https://letterboxd.com/film/yes-man/,200
225574,3.09,164987.0,Non-Stop,https://letterboxd.com/film/non-stop-2014/,200
9354,3.21,198833.0,"Honey, I Shrunk the Kids",https://letterboxd.com/film/honey-i-shrunk-the-kids/,200
753342,2.9,608938.0,Napoleon,https://letterboxd.com/film/napoleon-2023/,200
1777,3.62,70823.0,Fahrenheit 9/11,https://letterboxd.com/film/fahrenheit-9-11/,200
8247,2.75,213611.0,Jumper,https://letterboxd.com/film/jumper/,200
8487,2.31,111536.0,Wild Wild West,https://letterboxd.com/film/wild-wild-west/,200
1078012,3.13,235.0,Boonie Bears: Guardian Code,https://letterboxd.com/film/boonie-bears-guardian-code/,200
869724,3.12,366.0,"My Country, My Parents",https://letterboxd.com/film/my-country-my-parents/,200
274855,2.2,142242.0,Geostorm,https://letterboxd.com/film/geostorm/,200
11092,3.52,45239.0,Presumed Innocent,https://letterboxd.com/film/presumed-innocent/,200
451048,2.72,308612.0,Jungle Cruise,https://letterboxd.com/film/jungle-cruise/,200
4256,2.8,341464.0,Scary Movie 3,https://letterboxd.com/film/scary-movie-3/,200
1538,3.89,564885.0,Collateral,https://letterboxd.com/film/collateral/,200
207932,2.71,181196.0,Inferno,https://letterboxd.com/film/inferno-2016/,200
4964,3.04,332219.0,Knocked Up,https://letterboxd.com/film/knocked-up/,200
44912,1.63,368876.0,Green Lantern,https://letterboxd.com/film/green-lantern/,200
151960,2.31,150046.0,Planes,https://letterboxd.com/film/planes/,200
594,3.67,736415.0,The Terminal,https://letterboxd.com/film/the-terminal/,200
9029,2.81,227095.0,What Happens in Vegas,https://letterboxd.com/film/what-happens-in-vegas/,200
22897,3.13,112647.0,It's Complicated,https://letterboxd.com/film/its-complicated/,200
857598,2.75,37661.0,Pushpa 2 - The Rule,https://letterboxd.com/film/pushpa-2-the-rule/,200
109424,3.79,402917.0,Captain Phillips,https://letterboxd.com/film/captain-phillips/,200
9837,4.09,615589.0,The Prince of Egypt,https://letterboxd.com/film/the-prince-of-egypt/,200
1495,3.74,342861.0,Kingdom of Heaven,https://letterboxd.com/film/kingdom-of-heaven/,200
75780,3.23,246683.0,Jack Reacher,https://letterboxd.com/film/jack-reacher/,200
882598,2.88,1596322.0,Smile,https://letterboxd.com/film/smile-2022/,200
49017,2.72,130280.0,Dracula Untold,https://letterboxd.com/film/dracula-untold/,200
302699,2.79,389730.0,Central Intelligence,https://letterboxd.com/film/central-intelligence/,200
70,4.05,508581.0,Million Dollar Baby,https://letterboxd.com/film/million-dollar-baby/,200
9493,3.05,124587.0,Twins,https://letterboxd.com/film/twins/,200
50014,3.97,785282.0,The Help,https://letterboxd.com/film/the-help/,200
32856,2.81,261616.0,Valentine's Day,https://letterboxd.com/film/valentines-day/,200
8536,3.32,122873.0,Superman II,https://letterboxd.com/film/superman-ii/,200
52449,2.51,219960.0,Bad Teacher,https://letterboxd.com/film/bad-teacher/,200
716815,3.77,6552.0,A Little Red Flower,https://letterboxd.com/film/a-little-red-flower/,200
529203,2.97,206324.0,The Croods: A New Age,https://letterboxd.com/film/the-croods-a-new-age/,200
9331,3.35,65759.0,Clear and Present Danger,https://letterboxd.com/film/clear-and-present-danger/,200
214756,2.91,462806.0,Ted 2,https://letterboxd.com/film/ted-2/,200
6114,3.74,581472.0,Bram Stoker's Dracula,https://letterboxd.com/film/bram-stokers-dracula/,200
11678,2.82,33441.0,Vertical Limit,https://letterboxd.com/film/vertical-limit/,200
170657,3.48,14127.0,Journey to the West: Conquering the Demons,https://letterboxd.com/film/journey-to-the-west-conquering-the-demons/,200
2978,3.21,264873.0,Ghostbusters II,https://letterboxd.com/film/ghostbusters-ii/,200
1304434,4.04,8583.0,Nobody,https://letterboxd.com/film/nobody-2025/,200
27022,2.82,138780.0,The Sorcerer's Apprentice,https://letterboxd.com/film/the-sorcerers-apprentice-2010/,200
2024,3.45,175377.0,The Patriot,https://letterboxd.com/film/the-patriot-2000/,200
50546,3.28,669599.0,Just Go with It,https://letterboxd.com/film/just-go-with-it/,200
1072790,2.82,2063242.0,Anyone But You,https://letterboxd.com/film/anyone-but-you/,200
138103,2.48,118595.0,The Expendables 3,https://letterboxd.com/film/the-expendables-3/,200
88,3.77,962013.0,Dirty Dancing,https://letterboxd.com/film/dirty-dancing/,200
480530,3.59,478594.0,Creed II,https://letterboxd.com/film/creed-ii/,200
446894,2.69,71442.0,Smallfoot,https://letterboxd.com/film/smallfoot/,200
11322,3.26,209219.0,Public Enemies,https://letterboxd.com/film/public-enemies-2009/,200
2501,3.74,546065.0,The Bourne Identity,https://letterboxd.com/film/the-bourne-identity-2002/,200
8984,2.87,27880.0,Disclosure,https://letterboxd.com/film/disclosure/,200
146,4.07,290523.0,"Crouching Tiger, Hidden Dragon",https://letterboxd.com/film/crouching-tiger-hidden-dragon/,200
680,4.23,4565373.0,Pulp Fiction,https://letterboxd.com/film/pulp-fiction/,200
1159559,2.22,585516.0,Scream 7,https://letterboxd.com/film/scream-7/,200
2567,3.76,381160.0,The Aviator,https://letterboxd.com/film/the-aviator/,200
197,3.93,556635.0,Braveheart,https://letterboxd.com/film/braveheart/,200
224141,2.79,317377.0,Into the Woods,https://letterboxd.com/film/into-the-woods-2014/,200
10202,2.94,215569.0,Bedtime Stories,https://letterboxd.com/film/bedtime-stories/,200
1844,2.9,44881.0,Entrapment,https://letterboxd.com/film/entrapment/,200
9273,3.09,196751.0,Ace Ventura: When Nature Calls,https://letterboxd.com/film/ace-ventura-when-nature-calls/,200
9946,2.74,48047.0,End of Days,https://letterboxd.com/film/end-of-days/,200
1493,3.43,532903.0,Miss Congeniality,https://letterboxd.com/film/miss-congeniality/,200
95610,3.02,226275.0,Bridget Jones's Baby,https://letterboxd.com/film/bridget-joness-baby/,200
228150,3.83,852169.0,Fury,https://letterboxd.com/film/fury-2014/,200
44943,2.45,69954.0,Battle: Los Angeles,https://letterboxd.com/film/battle-los-angeles/,200
41733,2.94,246958.0,Due Date,https://letterboxd.com/film/due-date/,200
6972,2.94,61671.0,Australia,https://letterboxd.com/film/australia/,200
8619,4.02,214531.0,Master and Commander: The Far Side of the World,https://letterboxd.com/film/master-and-commander-the-far-side-of-the-world/,200
10144,3.71,849814.0,The Little Mermaid,https://letterboxd.com/film/the-little-mermaid/,200
803266,3.45,4532.0,Nice View,https://letterboxd.com/film/nice-view/,200
516729,3.4,316833.0,Paddington in Peru,https://letterboxd.com/film/paddington-in-peru/,200
17654,3.82,576138.0,District 9,https://letterboxd.com/film/district-9/,200
698,2.87,106217.0,Moonraker,https://letterboxd.com/film/moonraker/,200
901362,3.15,174855.0,Trolls Band Together,https://letterboxd.com/film/trolls-band-together/,200
1933,3.79,628720.0,The Others,https://letterboxd.com/film/the-others/,200
51540,3.13,387623.0,Horrible Bosses,https://letterboxd.com/film/horrible-bosses/,200
1054867,4.12,2852926.0,One Battle After Another,https://letterboxd.com/film/one-battle-after-another/,200
508747,4.14,58352.0,Us and Them,https://letterboxd.com/film/us-and-them-2018/,200
158852,2.74,221235.0,Tomorrowland,https://letterboxd.com/film/tomorrowland/,200
9533,3.49,276369.0,Red Dragon,https://letterboxd.com/film/red-dragon/,200
11774,3.39,390301.0,Lemony Snicket's A Series of Unfortunate Events,https://letterboxd.com/film/lemony-snickets-a-series-of-unfortunate-events/,200
1633056,3.91,2854.0,All Wishes Come True!,https://letterboxd.com/film/all-wishes-come-true/,200
493529,3.53,785575.0,Dungeons & Dragons: Honor Among Thieves,https://letterboxd.com/film/dungeons-dragons-honor-among-thieves/,200
59961,2.96,91106.0,Safe House,https://letterboxd.com/film/safe-house-2012/,200
151743,3.02,1788.0,Lost in Thailand,https://letterboxd.com/film/lost-in-thailand/,200
296096,3.6,1533533.0,Me Before You,https://letterboxd.com/film/me-before-you/,200
9257,2.76,61292.0,S.W.A.T.,https://letterboxd.com/film/swat/,200
889737,2.34,968536.0,Joker: Folie à Deux,https://letterboxd.com/film/joker-folie-a-deux/,200
1900,3.7,108085.0,Traffic,https://letterboxd.com/film/traffic/,200
9799,3.56,1046777.0,The Fast and the Furious,https://letterboxd.com/film/the-fast-and-the-furious-2001/,200
72571,2.74,148280.0,Paranormal Activity 3,https://letterboxd.com/film/paranormal-activity-3/,200
9800,3.95,235623.0,Philadelphia,https://letterboxd.com/film/philadelphia/,200
423108,2.83,775675.0,The Conjuring: The Devil Made Me Do It,https://letterboxd.com/film/the-conjuring-the-devil-made-me-do-it/,200
609681,2.41,587935.0,The Marvels,https://letterboxd.com/film/the-marvels/,200
2668,3.59,573177.0,Sleepy Hollow,https://letterboxd.com/film/sleepy-hollow/,200
267860,2.67,131591.0,London Has Fallen,https://letterboxd.com/film/london-has-fallen/,200
9767,2.77,193409.0,The Break-Up,https://letterboxd.com/film/the-break-up/,200
447273,1.73,330705.0,Snow White,https://letterboxd.com/film/snow-white-2025/,200
495764,3.01,991130.0,Birds of Prey (and the Fantabulous Emancipation of One Harley Quinn),https://letterboxd.com/film/birds-of-prey-and-the-fantabulous-emancipation-of-one-harley-quinn/,200
820,4.08,150834.0,JFK,https://letterboxd.com/film/jfk/,200
117251,2.86,167370.0,White House Down,https://letterboxd.com/film/white-house-down/,200
1581,3.63,1062875.0,The Holiday,https://letterboxd.com/film/the-holiday/,200
513692,3.37,9275.0,Raging Fire,https://letterboxd.com/film/raging-fire/,200
381289,3.65,188727.0,A Dog's Purpose,https://letterboxd.com/film/a-dogs-purpose/,200
38167,3.01,238436.0,Eat Pray Love,https://letterboxd.com/film/eat-pray-love/,200
425909,3.01,398875.0,Ghostbusters: Afterlife,https://letterboxd.com/film/ghostbusters-afterlife/,200
481084,2.67,159331.0,The Addams Family,https://letterboxd.com/film/the-addams-family-2019/,200
10661,2.57,261613.0,You Don't Mess with the Zohan,https://letterboxd.com/film/you-dont-mess-with-the-zohan/,200
9477,2.87,65861.0,King Arthur,https://letterboxd.com/film/king-arthur/,200
41515,2.29,58414.0,Yogi Bear,https://letterboxd.com/film/yogi-bear/,200
253412,3.27,201963.0,Everest,https://letterboxd.com/film/everest-2015/,200
1903,3.57,413140.0,Vanilla Sky,https://letterboxd.com/film/vanilla-sky/,200
329865,4.14,2715584.0,Arrival,https://letterboxd.com/film/arrival-2016/,200
1305781,3.59,10018.0,Blades of the Guardians,https://letterboxd.com/film/blades-of-the-guardians/,200
136797,2.74,111287.0,Need for Speed,https://letterboxd.com/film/need-for-speed/,200
539681,2.83,118081.0,DC League of Super-Pets,https://letterboxd.com/film/dc-league-of-super-pets/,200
12429,4.13,1460682.0,Ponyo,https://letterboxd.com/film/ponyo/,200
10312,3.52,140729.0,Patch Adams,https://letterboxd.com/film/patch-adams/,200
893723,2.71,17242.0,PAW Patrol: The Mighty Movie,https://letterboxd.com/film/paw-patrol-the-mighty-movie/,200
7552,2.94,110407.0,Fun with Dick and Jane,https://letterboxd.com/film/fun-with-dick-and-jane-1996/,200
967847,2.6,294646.0,Ghostbusters: Frozen Empire,https://letterboxd.com/film/ghostbusters-frozen-empire/,200
1498,3.41,138696.0,Teenage Mutant Ninja Turtles,https://letterboxd.com/film/teenage-mutant-ninja-turtles/,200
951,3.19,151302.0,Kindergarten Cop,https://letterboxd.com/film/kindergarten-cop/,200
277216,3.82,385841.0,Straight Outta Compton,https://letterboxd.com/film/straight-outta-compton/,200
64688,3.64,1472701.0,21 Jump Street,https://letterboxd.com/film/21-jump-street/,200
