imdb_id,imdb_rating,imdb_votes,metascore,omdb_response,omdb_error,url_coletada
tt0499549,7.9,"1,486,308",83,True,,https://www.omdbapi.com/?i=tt0499549&apikey=***
tt4154796,8.4,"1,485,583",78,True,,https://www.omdbapi.com/?i=tt4154796&apikey=***
tt22084616,8.1,"183,571",66,True,,https://www.omdbapi.com/?i=tt22084616&apikey=***
tt1630029,7.5,"601,100",67,True,,https://www.omdbapi.com/?i=tt1630029&apikey=***
tt34956443,7.9,"23,207",68,True,,https://www.omdbapi.com/?i=tt34956443&apikey=***
tt0120338,8.0,"1,389,357",75,True,,https://www.omdbapi.com/?i=tt0120338&apikey=***
tt2488496,7.7,"1,018,738",80,True,,https://www.omdbapi.com/?i=tt2488496&apikey=***
tt4154756,8.4,"1,368,739",68,True,,https://www.omdbapi.com/?i=tt4154756&apikey=***
tt10872600,8.1,"1,017,543",71,True,,https://www.omdbapi.com/?i=tt10872600&apikey=***
tt26443597,7.3,"154,081",73,True,,https://www.omdbapi.com/?i=tt26443597&apikey=***
tt22022452,7.5,"245,290",73,True,,https://www.omdbapi.com/?i=tt22022452&apikey=***
tt0369610,6.9,"723,175",59,True,,https://www.omdbapi.com/?i=tt0369610&apikey=***
tt6105098,6.8,"290,328",55,True,,https://www.omdbapi.com/?i=tt6105098&apikey=***
tt33764258,8.4,"477,953",88,True,,https://www.omdbapi.com/?i=tt33764258&apikey=***
tt0848228,8.0,"1,555,308",69,True,,https://www.omdbapi.com/?i=tt0848228&apikey=***
tt2820852,7.1,"437,204",67,True,,https://www.omdbapi.com/?i=tt2820852&apikey=***
tt1745960,8.2,"904,246",78,True,,https://www.omdbapi.com/?i=tt1745960&apikey=***
tt1757678,7.2,"191,187",61,True,,https://www.omdbapi.com/?i=tt1757678&apikey=***
tt4520988,6.8,"216,694",64,True,,https://www.omdbapi.com/?i=tt4520988&apikey=***
tt1517268,6.8,"667,737",80,True,,https://www.omdbapi.com/?i=tt1517268&apikey=***
tt2395427,7.3,"998,463",66,True,,https://www.omdbapi.com/?i=tt2395427&apikey=***
tt6718170,7.0,"302,136",46,True,,https://www.omdbapi.com/?i=tt6718170&apikey=***
tt1825683,7.3,"907,405",88,True,,https://www.omdbapi.com/?i=tt1825683&apikey=***
tt1201607,8.1,"1,035,967",85,True,,https://www.omdbapi.com/?i=tt1201607&apikey=***
tt6263850,7.5,"565,006",56,True,,https://www.omdbapi.com/?i=tt6263850&apikey=***
tt2527336,6.8,"714,411",84,True,,https://www.omdbapi.com/?i=tt2527336&apikey=***
tt4881806,6.2,"384,056",51,True,,https://www.omdbapi.com/?i=tt4881806&apikey=***
tt2294629,7.4,"708,011",75,True,,https://www.omdbapi.com/?i=tt2294629&apikey=***
tt2771200,7.1,"356,758",65,True,,https://www.omdbapi.com/?i=tt2771200&apikey=***
tt3606756,7.5,"366,471",80,True,,https://www.omdbapi.com/?i=tt3606756&apikey=***
tt4630562,6.6,"273,831",56,True,,https://www.omdbapi.com/?i=tt4630562&apikey=***
tt1300854,7.1,"964,747",62,True,,https://www.omdbapi.com/?i=tt1300854&apikey=***
tt2293640,6.4,"281,964",56,True,,https://www.omdbapi.com/?i=tt2293640&apikey=***
tt3498820,7.8,"925,892",75,True,,https://www.omdbapi.com/?i=tt3498820&apikey=***
tt1477834,6.8,"552,623",55,True,,https://www.omdbapi.com/?i=tt1477834&apikey=***
tt29355505,7.4,"66,908",73,True,,https://www.omdbapi.com/?i=tt29355505&apikey=***
tt6320628,7.3,"637,793",69,True,,https://www.omdbapi.com/?i=tt6320628&apikey=***
tt4154664,6.7,"658,051",64,True,,https://www.omdbapi.com/?i=tt4154664&apikey=***
tt1399103,6.2,"453,805",42,True,,https://www.omdbapi.com/?i=tt1399103&apikey=***
tt0167260,9.0,"2,161,991",94,True,,https://www.omdbapi.com/?i=tt0167260&apikey=***
tt1074638,7.8,"768,360",81,True,,https://www.omdbapi.com/?i=tt1074638&apikey=***
tt2109248,5.6,"347,982",32,True,,https://www.omdbapi.com/?i=tt2109248&apikey=***
tt1345836,8.4,"1,990,749",78,True,,https://www.omdbapi.com/?i=tt1345836&apikey=***
tt7286456,8.3,"1,690,149",59,True,,https://www.omdbapi.com/?i=tt7286456&apikey=***
tt2527338,6.3,"536,918",53,True,,https://www.omdbapi.com/?i=tt2527338&apikey=***
tt1979376,7.6,"310,352",84,True,,https://www.omdbapi.com/?i=tt1979376&apikey=***
tt0435761,8.3,"961,588",92,True,,https://www.omdbapi.com/?i=tt0435761&apikey=***
tt0383574,7.4,"825,206",53,True,,https://www.omdbapi.com/?i=tt0383574&apikey=***
tt13622970,6.3,"129,899",58,True,,https://www.omdbapi.com/?i=tt13622970&apikey=***
tt0107290,8.2,"1,167,043",68,True,,https://www.omdbapi.com/?i=tt0107290&apikey=***
tt3748528,7.8,"748,381",65,True,,https://www.omdbapi.com/?i=tt3748528&apikey=***
tt6139732,6.9,"312,476",53,True,,https://www.omdbapi.com/?i=tt6139732&apikey=***
tt1298650,6.6,"606,603",45,True,,https://www.omdbapi.com/?i=tt1298650&apikey=***
tt0120915,6.5,"917,424",51,True,,https://www.omdbapi.com/?i=tt0120915&apikey=***
tt11655566,6.7,"93,833",53,True,,https://www.omdbapi.com/?i=tt11655566&apikey=***
tt3469046,6.3,"178,392",49,True,,https://www.omdbapi.com/?i=tt3469046&apikey=***
tt11378946,7.5,"144,205",39,True,,https://www.omdbapi.com/?i=tt11378946&apikey=***
tt0241527,7.7,"944,457",65,True,,https://www.omdbapi.com/?i=tt0241527&apikey=***
tt2277860,7.2,"331,036",77,True,,https://www.omdbapi.com/?i=tt2277860&apikey=***
tt2948356,8.0,"643,171",78,True,,https://www.omdbapi.com/?i=tt2948356&apikey=***
tt1014759,6.4,"464,214",53,True,,https://www.omdbapi.com/?i=tt1014759&apikey=***
tt0903624,7.8,"926,871",58,True,,https://www.omdbapi.com/?i=tt0903624&apikey=***
tt28650488,6.3,"74,116",37,True,,https://www.omdbapi.com/?i=tt28650488&apikey=***
tt0468569,9.1,"3,161,907",85,True,,https://www.omdbapi.com/?i=tt0468569&apikey=***
tt8041270,5.6,"245,361",38,True,,https://www.omdbapi.com/?i=tt8041270&apikey=***
tt2283362,6.9,"501,548",58,True,,https://www.omdbapi.com/?i=tt2283362&apikey=***
tt7510222,6.2,"76,384",52,True,,https://www.omdbapi.com/?i=tt7510222&apikey=***
tt1690953,7.3,"456,712",62,True,,https://www.omdbapi.com/?i=tt1690953&apikey=***
tt3040964,7.3,"304,379",77,True,,https://www.omdbapi.com/?i=tt3040964&apikey=***
tt0114709,8.3,"1,163,069",96,True,,https://www.omdbapi.com/?i=tt0114709&apikey=***
tt0449088,7.2,"743,246",50,True,,https://www.omdbapi.com/?i=tt0449088&apikey=***
tt3566834,5.6,"153,774",45,True,,https://www.omdbapi.com/?i=tt3566834&apikey=***
tt1170358,7.8,"752,978",66,True,,https://www.omdbapi.com/?i=tt1170358&apikey=***
tt2310332,7.4,"617,163",59,True,,https://www.omdbapi.com/?i=tt2310332&apikey=***
tt9419884,6.9,"543,288",60,True,,https://www.omdbapi.com/?i=tt9419884&apikey=***
tt0926084,7.7,"659,115",65,True,,https://www.omdbapi.com/?i=tt0926084&apikey=***
tt15398776,8.2,"1,024,033",90,True,,https://www.omdbapi.com/?i=tt15398776&apikey=***
tt0266543,8.2,"1,196,544",90,True,,https://www.omdbapi.com/?i=tt0266543&apikey=***
tt5113044,6.5,"102,656",56,True,,https://www.omdbapi.com/?i=tt5113044&apikey=***
tt0373889,7.5,"693,356",71,True,,https://www.omdbapi.com/?i=tt0373889&apikey=***
tt0417741,7.6,"653,701",78,True,,https://www.omdbapi.com/?i=tt0417741&apikey=***
tt0298148,7.4,"550,541",75,True,,https://www.omdbapi.com/?i=tt0298148&apikey=***
tt0167261,8.8,"1,954,618",87,True,,https://www.omdbapi.com/?i=tt0167261&apikey=***
tt1727824,7.9,"638,785",49,True,,https://www.omdbapi.com/?i=tt1727824&apikey=***
tt13462900,5.5,"4,690",N/A,True,,https://www.omdbapi.com/?i=tt13462900&apikey=***
tt0330373,7.7,"746,138",81,True,,https://www.omdbapi.com/?i=tt0330373&apikey=***
tt0413300,6.3,"692,051",59,True,,https://www.omdbapi.com/?i=tt0413300&apikey=***
tt1080016,6.9,"283,955",50,True,,https://www.omdbapi.com/?i=tt1080016&apikey=***
tt2250912,7.4,"836,416",73,True,,https://www.omdbapi.com/?i=tt2250912&apikey=***
tt2379713,6.8,"493,010",60,True,,https://www.omdbapi.com/?i=tt2379713&apikey=***
tt1667889,6.5,"240,893",49,True,,https://www.omdbapi.com/?i=tt1667889&apikey=***
tt0295297,7.5,"759,564",63,True,,https://www.omdbapi.com/?i=tt0295297&apikey=***
tt2709768,6.5,"233,985",61,True,,https://www.omdbapi.com/?i=tt2709768&apikey=***
tt2975590,6.4,"790,738",44,True,,https://www.omdbapi.com/?i=tt2975590&apikey=***
tt0120737,8.9,"2,203,785",92,True,,https://www.omdbapi.com/?i=tt0120737&apikey=***
tt7131870,5.9,"9,482",44,True,,https://www.omdbapi.com/?i=tt7131870&apikey=***
tt31036941,5.8,"194,010",50,True,,https://www.omdbapi.com/?i=tt31036941&apikey=***
tt1951264,7.5,"768,630",76,True,,https://www.omdbapi.com/?i=tt1951264&apikey=***
tt3896198,7.6,"828,114",67,True,,https://www.omdbapi.com/?i=tt3896198&apikey=***
tt9114286,6.6,"368,850",67,True,,https://www.omdbapi.com/?i=tt9114286&apikey=***
tt2096673,8.1,"905,131",94,True,,https://www.omdbapi.com/?i=tt2096673&apikey=***
tt1270797,6.6,"601,600",35,True,,https://www.omdbapi.com/?i=tt1270797&apikey=***
tt3501632,7.9,"892,533",74,True,,https://www.omdbapi.com/?i=tt3501632&apikey=***
tt0121766,7.7,"912,634",68,True,,https://www.omdbapi.com/?i=tt0121766&apikey=***
tt6791350,7.9,"470,167",64,True,,https://www.omdbapi.com/?i=tt6791350&apikey=***
tt1375666,8.8,"2,811,614",74,True,,https://www.omdbapi.com/?i=tt1375666&apikey=***
tt1055369,6.0,"451,650",35,True,,https://www.omdbapi.com/?i=tt1055369&apikey=***
tt1673434,5.6,"279,805",52,True,,https://www.omdbapi.com/?i=tt1673434&apikey=***
tt4912910,7.7,"419,025",87,True,,https://www.omdbapi.com/?i=tt4912910&apikey=***
tt0451279,7.3,"732,467",76,True,,https://www.omdbapi.com/?i=tt0451279&apikey=***
tt13364790,6.9,"3,655",N/A,True,,https://www.omdbapi.com/?i=tt13364790&apikey=***
tt0145487,7.4,"958,249",73,True,,https://www.omdbapi.com/?i=tt0145487&apikey=***
tt0116629,7.0,"642,170",59,True,,https://www.omdbapi.com/?i=tt0116629&apikey=***
tt2380307,8.4,"704,092",81,True,,https://www.omdbapi.com/?i=tt2380307&apikey=***
tt3183660,7.2,"537,711",66,True,,https://www.omdbapi.com/?i=tt3183660&apikey=***
tt0413267,6.1,"357,973",58,True,,https://www.omdbapi.com/?i=tt0413267&apikey=***
tt7975244,6.6,"316,072",58,True,,https://www.omdbapi.com/?i=tt7975244&apikey=***
tt0083866,7.9,"468,998",92,True,,https://www.omdbapi.com/?i=tt0083866&apikey=***
tt1790809,6.5,"381,325",39,True,,https://www.omdbapi.com/?i=tt1790809&apikey=***
tt1190080,5.9,"419,441",49,True,,https://www.omdbapi.com/?i=tt1190080&apikey=***
tt0304141,7.9,"761,199",82,True,,https://www.omdbapi.com/?i=tt0304141&apikey=***
tt0316654,7.5,"777,496",83,True,,https://www.omdbapi.com/?i=tt0316654&apikey=***
tt1905041,7.0,"438,036",61,True,,https://www.omdbapi.com/?i=tt1905041&apikey=***
tt0367882,6.2,"511,928",65,True,,https://www.omdbapi.com/?i=tt0367882&apikey=***
tt5463162,7.6,"742,720",66,True,,https://www.omdbapi.com/?i=tt5463162&apikey=***
tt1431045,8.0,"1,250,978",65,True,,https://www.omdbapi.com/?i=tt1431045&apikey=***
tt0076759,8.6,"1,555,851",90,True,,https://www.omdbapi.com/?i=tt0076759&apikey=***
tt2382320,7.3,"481,524",68,True,,https://www.omdbapi.com/?i=tt2382320&apikey=***
tt2015381,8.0,"1,362,435",76,True,,https://www.omdbapi.com/?i=tt2015381&apikey=***
tt1877830,7.8,"923,764",72,True,,https://www.omdbapi.com/?i=tt1877830&apikey=***
tt1262426,7.4,"191,746",73,True,,https://www.omdbapi.com/?i=tt1262426&apikey=***
tt0110357,8.5,"1,248,136",88,True,,https://www.omdbapi.com/?i=tt0110357&apikey=***
tt10648342,6.1,"459,337",57,True,,https://www.omdbapi.com/?i=tt10648342&apikey=***
tt6806448,6.4,"255,155",60,True,,https://www.omdbapi.com/?i=tt6806448&apikey=***
tt0382625,6.6,"480,857",46,True,,https://www.omdbapi.com/?i=tt0382625&apikey=***
tt0948470,6.9,"763,493",66,True,,https://www.omdbapi.com/?i=tt0948470&apikey=***
tt1587310,6.9,"420,347",56,True,,https://www.omdbapi.com/?i=tt1587310&apikey=***
tt1951265,6.6,"541,925",64,True,,https://www.omdbapi.com/?i=tt1951265&apikey=***
tt0892791,6.3,"243,636",58,True,,https://www.omdbapi.com/?i=tt0892791&apikey=***
tt1386697,5.9,"758,745",40,True,,https://www.omdbapi.com/?i=tt1386697&apikey=***
tt1877832,7.9,"786,991",75,True,,https://www.omdbapi.com/?i=tt1877832&apikey=***
tt1277953,6.8,"215,044",60,True,,https://www.omdbapi.com/?i=tt1277953&apikey=***
tt0816692,8.7,"2,516,752",74,True,,https://www.omdbapi.com/?i=tt0816692&apikey=***
tt0363771,6.9,"450,246",75,True,,https://www.omdbapi.com/?i=tt0363771&apikey=***
tt1453405,7.2,"421,121",65,True,,https://www.omdbapi.com/?i=tt1453405&apikey=***
tt10627720,7.3,"21,890",56,True,,https://www.omdbapi.com/?i=tt10627720&apikey=***
tt0234215,7.2,"666,077",62,True,,https://www.omdbapi.com/?i=tt0234215&apikey=***
tt1049413,8.3,"1,225,827",88,True,,https://www.omdbapi.com/?i=tt1049413&apikey=***
tt32820897,8.4,"64,082",67,True,,https://www.omdbapi.com/?i=tt32820897&apikey=***
tt5433138,5.2,"179,684",58,True,,https://www.omdbapi.com/?i=tt5433138&apikey=***
tt1454468,7.7,"895,643",96,True,,https://www.omdbapi.com/?i=tt1454468&apikey=***
tt13186482,6.6,"80,914",56,True,,https://www.omdbapi.com/?i=tt13186482&apikey=***
tt1396484,7.3,"694,027",69,True,,https://www.omdbapi.com/?i=tt1396484&apikey=***
tt1872181,6.6,"588,917",53,True,,https://www.omdbapi.com/?i=tt1872181&apikey=***
tt15239678,8.4,"734,902",79,True,,https://www.omdbapi.com/?i=tt15239678&apikey=***
tt1843866,7.7,"970,692",70,True,,https://www.omdbapi.com/?i=tt1843866&apikey=***
tt1324999,4.9,"271,400",45,True,,https://www.omdbapi.com/?i=tt1324999&apikey=***
tt2103281,7.6,"508,717",79,True,,https://www.omdbapi.com/?i=tt2103281&apikey=***
tt1259571,4.8,"320,139",44,True,,https://www.omdbapi.com/?i=tt1259571&apikey=***
tt0418279,7.1,"714,583",61,True,,https://www.omdbapi.com/?i=tt0418279&apikey=***
tt5433140,5.7,"145,538",56,True,,https://www.omdbapi.com/?i=tt5433140&apikey=***
tt1325004,5.1,"279,535",58,True,,https://www.omdbapi.com/?i=tt1325004&apikey=***
tt1229238,7.4,"567,136",73,True,,https://www.omdbapi.com/?i=tt1229238&apikey=***
tt1392170,7.2,"1,074,757",68,True,,https://www.omdbapi.com/?i=tt1392170&apikey=***
tt33612209,6.4,"87,496",63,True,,https://www.omdbapi.com/?i=tt33612209&apikey=***
tt9362722,8.5,"509,515",86,True,,https://www.omdbapi.com/?i=tt9362722&apikey=***
tt3521164,7.6,"436,011",81,True,,https://www.omdbapi.com/?i=tt3521164&apikey=***
tt10370822,5.6,"3,028",N/A,True,,https://www.omdbapi.com/?i=tt10370822&apikey=***
tt12042730,8.2,"433,769",77,True,,https://www.omdbapi.com/?i=tt12042730&apikey=***
tt2381249,7.4,"445,302",75,True,,https://www.omdbapi.com/?i=tt2381249&apikey=***
tt0109830,8.8,"2,493,306",82,True,,https://www.omdbapi.com/?i=tt0109830&apikey=***
tt1211837,7.5,"877,590",72,True,,https://www.omdbapi.com/?i=tt1211837&apikey=***
tt21148018,6.4,"3,918",75,True,,https://www.omdbapi.com/?i=tt21148018&apikey=***
tt0167404,8.2,"1,136,530",64,True,,https://www.omdbapi.com/?i=tt0167404&apikey=***
tt32536035,N/A,8,N/A,True,,https://www.omdbapi.com/?i=tt32536035&apikey=***
tt0770828,7.1,"865,769",55,True,,https://www.omdbapi.com/?i=tt0770828&apikey=***
tt1302011,7.3,"349,971",67,True,,https://www.omdbapi.com/?i=tt1302011&apikey=***
tt13539646,6.7,"16,204",56,True,,https://www.omdbapi.com/?i=tt13539646&apikey=***
tt0974015,6.0,"502,540",45,True,,https://www.omdbapi.com/?i=tt0974015&apikey=***
tt0438097,6.8,"316,256",59,True,,https://www.omdbapi.com/?i=tt0438097&apikey=***
tt2245084,7.8,"548,572",74,True,,https://www.omdbapi.com/?i=tt2245084&apikey=***
tt38035835,N/A,112,N/A,True,,https://www.omdbapi.com/?i=tt38035835&apikey=***
tt0325980,8.1,"1,323,403",63,True,,https://www.omdbapi.com/?i=tt0325980&apikey=***
tt4123430,6.5,"329,657",52,True,,https://www.omdbapi.com/?i=tt4123430&apikey=***
tt1409024,6.8,"409,954",58,True,,https://www.omdbapi.com/?i=tt1409024&apikey=***
tt1951266,6.6,"410,756",65,True,,https://www.omdbapi.com/?i=tt1951266&apikey=***
tt0121765,6.6,"815,170",54,True,,https://www.omdbapi.com/?i=tt0121765&apikey=***
tt1981115,6.7,"776,160",54,True,,https://www.omdbapi.com/?i=tt1981115&apikey=***
tt26743210,7.7,"131,570",61,True,,https://www.omdbapi.com/?i=tt26743210&apikey=***
tt6166392,6.9,"188,015",66,True,,https://www.omdbapi.com/?i=tt6166392&apikey=***
tt3470600,7.1,"210,521",59,True,,https://www.omdbapi.com/?i=tt3470600&apikey=***
tt16311594,7.6,"353,753",68,True,,https://www.omdbapi.com/?i=tt16311594&apikey=***
tt0441773,7.6,"574,537",74,True,,https://www.omdbapi.com/?i=tt0441773&apikey=***
tt0317705,8.0,"891,503",90,True,,https://www.omdbapi.com/?i=tt0317705&apikey=***
tt3659388,8.0,"999,128",80,True,,https://www.omdbapi.com/?i=tt3659388&apikey=***
tt0448157,6.4,"534,419",49,True,,https://www.omdbapi.com/?i=tt0448157&apikey=***
tt16194408,5.6,"1,718",N/A,True,,https://www.omdbapi.com/?i=tt16194408&apikey=***
tt1596343,7.3,"430,221",66,True,,https://www.omdbapi.com/?i=tt1596343&apikey=***
tt1228705,6.9,"936,571",57,True,,https://www.omdbapi.com/?i=tt1228705&apikey=***
tt0382932,8.1,"940,588",96,True,,https://www.omdbapi.com/?i=tt0382932&apikey=***
tt5095030,7.0,"493,940",70,True,,https://www.omdbapi.com/?i=tt5095030&apikey=***
tt1646971,7.8,"398,152",77,True,,https://www.omdbapi.com/?i=tt1646971&apikey=***
tt3315342,8.1,"917,281",77,True,,https://www.omdbapi.com/?i=tt3315342&apikey=***
tt5950044,7.0,"436,184",68,True,,https://www.omdbapi.com/?i=tt5950044&apikey=***
tt0119567,6.6,"473,902",59,True,,https://www.omdbapi.com/?i=tt0119567&apikey=***
tt0335345,7.3,"273,731",47,True,,https://www.omdbapi.com/?i=tt0335345&apikey=***
tt0795421,6.5,"301,873",51,True,,https://www.omdbapi.com/?i=tt0795421&apikey=***
tt0454876,7.9,"697,056",79,True,,https://www.omdbapi.com/?i=tt0454876&apikey=***
tt1677720,7.4,"540,503",64,True,,https://www.omdbapi.com/?i=tt1677720&apikey=***
tt3371366,5.2,"184,025",27,True,,https://www.omdbapi.com/?i=tt3371366&apikey=***
tt0479952,6.7,"268,534",61,True,,https://www.omdbapi.com/?i=tt0479952&apikey=***
tt0407304,6.6,"502,091",73,True,,https://www.omdbapi.com/?i=tt0407304&apikey=***
tt0381061,8.0,"739,664",80,True,,https://www.omdbapi.com/?i=tt0381061&apikey=***
tt9603208,7.1,"226,897",67,True,,https://www.omdbapi.com/?i=tt9603208&apikey=***
tt0398286,7.7,"540,207",71,True,,https://www.omdbapi.com/?i=tt0398286&apikey=***
tt0830515,6.5,"494,408",58,True,,https://www.omdbapi.com/?i=tt0830515&apikey=***
tt0119654,7.3,"658,335",72,True,,https://www.omdbapi.com/?i=tt0119654&apikey=***
tt0481499,7.1,"249,657",55,True,,https://www.omdbapi.com/?i=tt0481499&apikey=***
tt1411697,6.5,"572,504",44,True,,https://www.omdbapi.com/?i=tt1411697&apikey=***
tt0480249,7.2,"870,487",65,True,,https://www.omdbapi.com/?i=tt0480249&apikey=***
tt0371746,7.9,"1,223,183",79,True,,https://www.omdbapi.com/?i=tt0371746&apikey=***
tt0198781,8.1,"1,072,549",79,True,,https://www.omdbapi.com/?i=tt0198781&apikey=***
tt6878882,6.6,"8,539",N/A,True,,https://www.omdbapi.com/?i=tt6878882&apikey=***
tt0477347,6.5,"404,946",48,True,,https://www.omdbapi.com/?i=tt0477347&apikey=***
tt0086190,8.3,"1,200,333",58,True,,https://www.omdbapi.com/?i=tt0086190&apikey=***
tt14539740,6.0,"138,639",47,True,,https://www.omdbapi.com/?i=tt14539740&apikey=***
tt9603212,7.6,"326,383",81,True,,https://www.omdbapi.com/?i=tt9603212&apikey=***
tt2322441,4.2,"354,203",46,True,,https://www.omdbapi.com/?i=tt2322441&apikey=***
tt5971474,7.2,"177,541",59,True,,https://www.omdbapi.com/?i=tt5971474&apikey=***
tt3731562,6.7,"378,708",62,True,,https://www.omdbapi.com/?i=tt3731562&apikey=***
tt0472181,5.4,"102,729",30,True,,https://www.omdbapi.com/?i=tt0472181&apikey=***
tt0360717,7.2,"465,049",81,True,,https://www.omdbapi.com/?i=tt0360717&apikey=***
tt1216475,6.2,"251,842",57,True,,https://www.omdbapi.com/?i=tt1216475&apikey=***
tt0448694,6.6,"208,940",65,True,,https://www.omdbapi.com/?i=tt0448694&apikey=***
tt4701660,6.2,"10,877",69,True,,https://www.omdbapi.com/?i=tt4701660&apikey=***
tt0120591,6.7,"476,912",42,True,,https://www.omdbapi.com/?i=tt0120591&apikey=***
tt2709692,6.4,"111,173",51,True,,https://www.omdbapi.com/?i=tt2709692&apikey=***
tt0319262,6.5,"509,136",47,True,,https://www.omdbapi.com/?i=tt0319262&apikey=***
tt1637725,6.9,"704,925",62,True,,https://www.omdbapi.com/?i=tt1637725&apikey=***
tt5013056,7.8,"800,591",94,True,,https://www.omdbapi.com/?i=tt5013056&apikey=***
tt21692408,6.3,"78,494",54,True,,https://www.omdbapi.com/?i=tt21692408&apikey=***
tt0120755,6.1,"413,413",59,True,,https://www.omdbapi.com/?i=tt0120755&apikey=***
tt7752454,6.1,"3,592",48,True,,https://www.omdbapi.com/?i=tt7752454&apikey=***
tt3385516,6.8,"491,572",52,True,,https://www.omdbapi.com/?i=tt3385516&apikey=***
tt1661199,6.9,"204,139",67,True,,https://www.omdbapi.com/?i=tt1661199&apikey=***
tt1323594,7.6,"628,264",72,True,,https://www.omdbapi.com/?i=tt1323594&apikey=***
tt2179136,7.3,"568,760",73,True,,https://www.omdbapi.com/?i=tt2179136&apikey=***
tt0351283,6.9,"473,809",57,True,,https://www.omdbapi.com/?i=tt0351283&apikey=***
tt19847976,6.6,"64,326",58,True,,https://www.omdbapi.com/?i=tt19847976&apikey=***
tt2386490,7.4,"175,859",71,True,,https://www.omdbapi.com/?i=tt2386490&apikey=***
tt1217209,7.1,"475,578",69,True,,https://www.omdbapi.com/?i=tt1217209&apikey=***
tt0080684,8.7,"1,495,152",82,True,,https://www.omdbapi.com/?i=tt0080684&apikey=***
tt1663202,8.0,"947,792",76,True,,https://www.omdbapi.com/?i=tt1663202&apikey=***
tt0816711,7.0,"778,104",63,True,,https://www.omdbapi.com/?i=tt0816711&apikey=***
tt4779682,5.7,"226,090",46,True,,https://www.omdbapi.com/?i=tt4779682&apikey=***
tt5848272,7.0,"202,975",71,True,,https://www.omdbapi.com/?i=tt5848272&apikey=***
tt5220122,6.3,"97,963",54,True,,https://www.omdbapi.com/?i=tt5220122&apikey=***
tt3874544,6.3,"156,460",50,True,,https://www.omdbapi.com/?i=tt3874544&apikey=***
tt0462538,7.3,"362,148",80,True,,https://www.omdbapi.com/?i=tt0462538&apikey=***
tt0831387,6.4,"468,177",62,True,,https://www.omdbapi.com/?i=tt0831387&apikey=***
tt0988045,7.5,"702,387",57,True,,https://www.omdbapi.com/?i=tt0988045&apikey=***
tt11032374,8.2,"98,764",72,True,,https://www.omdbapi.com/?i=tt11032374&apikey=***
tt10676052,6.8,"258,601",65,True,,https://www.omdbapi.com/?i=tt10676052&apikey=***
tt0910970,8.4,"1,306,354",95,True,,https://www.omdbapi.com/?i=tt0910970&apikey=***
tt2267968,7.1,"215,526",66,True,,https://www.omdbapi.com/?i=tt2267968&apikey=***
tt0478970,7.2,"778,683",64,True,,https://www.omdbapi.com/?i=tt0478970&apikey=***
tt0103064,8.6,"1,282,391",75,True,,https://www.omdbapi.com/?i=tt0103064&apikey=***
tt0290002,6.4,"299,051",41,True,,https://www.omdbapi.com/?i=tt0290002&apikey=***
tt37287335,7.9,"291,494",77,True,,https://www.omdbapi.com/?i=tt37287335&apikey=***
tt3783958,8.0,"759,966",94,True,,https://www.omdbapi.com/?i=tt3783958&apikey=***
tt7097896,5.9,"311,188",49,True,,https://www.omdbapi.com/?i=tt7097896&apikey=***
tt32890033,6.3,"31,007",70,True,,https://www.omdbapi.com/?i=tt32890033&apikey=***
tt0099653,7.1,"251,803",52,True,,https://www.omdbapi.com/?i=tt0099653&apikey=***
tt0103639,8.0,"497,512",86,True,,https://www.omdbapi.com/?i=tt0103639&apikey=***
tt34463310,6.0,"1,748",N/A,True,,https://www.omdbapi.com/?i=tt34463310&apikey=***
tt22898462,6.2,"98,159",54,True,,https://www.omdbapi.com/?i=tt22898462&apikey=***
tt2357291,6.3,"109,310",49,True,,https://www.omdbapi.com/?i=tt2357291&apikey=***
tt0332452,7.3,"609,875",56,True,,https://www.omdbapi.com/?i=tt0332452&apikey=***
tt0120363,7.9,"663,076",88,True,,https://www.omdbapi.com/?i=tt0120363&apikey=***
tt15789038,7.0,"163,663",58,True,,https://www.omdbapi.com/?i=tt15789038&apikey=***
tt0892769,8.1,"882,954",75,True,,https://www.omdbapi.com/?i=tt0892769&apikey=***
tt0117998,6.6,"249,196",68,True,,https://www.omdbapi.com/?i=tt0117998&apikey=***
tt0800320,5.8,"303,998",39,True,,https://www.omdbapi.com/?i=tt0800320&apikey=***
tt18259086,6.9,"79,715",56,True,,https://www.omdbapi.com/?i=tt18259086&apikey=***
tt1623205,6.3,"220,679",44,True,,https://www.omdbapi.com/?i=tt1623205&apikey=***
tt4777008,6.6,"130,828",43,True,,https://www.omdbapi.com/?i=tt4777008&apikey=***
tt3450958,7.4,"324,617",82,True,,https://www.omdbapi.com/?i=tt3450958&apikey=***
tt0126029,7.9,"803,764",84,True,,https://www.omdbapi.com/?i=tt0126029&apikey=***
tt0356910,6.5,"588,762",55,True,,https://www.omdbapi.com/?i=tt0356910&apikey=***
tt0808151,6.7,"324,063",48,True,,https://www.omdbapi.com/?i=tt0808151&apikey=***
tt1291150,5.8,"229,104",31,True,,https://www.omdbapi.com/?i=tt1291150&apikey=***
tt3915174,7.8,"218,530",73,True,,https://www.omdbapi.com/?i=tt3915174&apikey=***
tt0315327,6.8,"466,929",46,True,,https://www.omdbapi.com/?i=tt0315327&apikey=***
tt1436562,6.9,"270,787",63,True,,https://www.omdbapi.com/?i=tt1436562&apikey=***
tt0120815,8.6,"1,635,552",91,True,,https://www.omdbapi.com/?i=tt0120815&apikey=***
tt1318514,7.6,"600,908",68,True,,https://www.omdbapi.com/?i=tt1318514&apikey=***
tt16366836,6.0,"149,838",41,True,,https://www.omdbapi.com/?i=tt16366836&apikey=***
tt0099785,7.8,"739,162",63,True,,https://www.omdbapi.com/?i=tt0099785&apikey=***
tt10954600,6.0,"278,530",48,True,,https://www.omdbapi.com/?i=tt10954600&apikey=***
tt0367594,6.7,"566,515",72,True,,https://www.omdbapi.com/?i=tt0367594&apikey=***
tt0097576,8.2,"858,909",65,True,,https://www.omdbapi.com/?i=tt0097576&apikey=***
tt2126355,6.1,"275,264",43,True,,https://www.omdbapi.com/?i=tt2126355&apikey=***
tt2510894,6.6,"160,207",44,True,,https://www.omdbapi.com/?i=tt2510894&apikey=***
tt7349950,6.5,"353,654",58,True,,https://www.omdbapi.com/?i=tt7349950&apikey=***
tt1772341,7.7,"494,419",72,True,,https://www.omdbapi.com/?i=tt1772341&apikey=***
tt1490017,7.7,"411,857",83,True,,https://www.omdbapi.com/?i=tt1490017&apikey=***
tt0073195,8.1,"731,140",87,True,,https://www.omdbapi.com/?i=tt0073195&apikey=***
tt5034838,6.3,"263,824",59,True,,https://www.omdbapi.com/?i=tt5034838&apikey=***
tt1119646,7.7,"922,266",73,True,,https://www.omdbapi.com/?i=tt1119646&apikey=***
tt2872732,6.4,"569,730",62,True,,https://www.omdbapi.com/?i=tt2872732&apikey=***
tt4701182,6.7,"205,892",66,True,,https://www.omdbapi.com/?i=tt4701182&apikey=***
tt1408101,7.7,"509,207",72,True,,https://www.omdbapi.com/?i=tt1408101&apikey=***
tt30829309,6.9,"1,492",N/A,True,,https://www.omdbapi.com/?i=tt30829309&apikey=***
tt0172495,8.5,"1,844,518",67,True,,https://www.omdbapi.com/?i=tt0172495&apikey=***
tt0133093,8.7,"2,243,093",73,True,,https://www.omdbapi.com/?i=tt0133093&apikey=***
tt0100405,7.1,"401,452",51,True,,https://www.omdbapi.com/?i=tt0100405&apikey=***
tt9218128,6.4,"296,954",64,True,,https://www.omdbapi.com/?i=tt9218128&apikey=***
tt0317219,7.3,"528,959",73,True,,https://www.omdbapi.com/?i=tt0317219&apikey=***
tt7294150,6.7,"8,239",64,True,,https://www.omdbapi.com/?i=tt7294150&apikey=***
tt14557302,6.4,"2,139",N/A,True,,https://www.omdbapi.com/?i=tt14557302&apikey=***
tt0376994,6.6,"571,579",58,True,,https://www.omdbapi.com/?i=tt0376994&apikey=***
tt0465234,6.5,"266,050",48,True,,https://www.omdbapi.com/?i=tt0465234&apikey=***
tt1485796,7.5,"342,749",48,True,,https://www.omdbapi.com/?i=tt1485796&apikey=***
tt0117060,7.2,"516,752",59,True,,https://www.omdbapi.com/?i=tt0117060&apikey=***
tt0325710,7.8,"499,167",55,True,,https://www.omdbapi.com/?i=tt0325710&apikey=***
tt0416449,7.6,"904,962",52,True,,https://www.omdbapi.com/?i=tt0416449&apikey=***
tt2049403,6.6,"173,439",62,True,,https://www.omdbapi.com/?i=tt2049403&apikey=***
tt0240772,7.7,"668,514",74,True,,https://www.omdbapi.com/?i=tt0240772&apikey=***
tt10147382,6.3,"2,456",N/A,True,,https://www.omdbapi.com/?i=tt10147382&apikey=***
tt5884052,6.5,"196,534",53,True,,https://www.omdbapi.com/?i=tt5884052&apikey=***
tt0800369,7.0,"963,947",57,True,,https://www.omdbapi.com/?i=tt0800369&apikey=***
tt0213149,6.3,"367,857",44,True,,https://www.omdbapi.com/?i=tt0213149&apikey=***
tt0120855,7.3,"265,277",80,True,,https://www.omdbapi.com/?i=tt0120855&apikey=***
tt10366206,7.6,"405,485",78,True,,https://www.omdbapi.com/?i=tt10366206&apikey=***
tt8579674,8.2,"769,457",78,True,,https://www.omdbapi.com/?i=tt8579674&apikey=***
tt0120912,6.2,"428,899",49,True,,https://www.omdbapi.com/?i=tt0120912&apikey=***
tt0209163,6.4,"362,637",48,True,,https://www.omdbapi.com/?i=tt0209163&apikey=***
tt1231580,4.6,"59,136",41,True,,https://www.omdbapi.com/?i=tt1231580&apikey=***
tt0440963,8.0,"681,537",85,True,,https://www.omdbapi.com/?i=tt0440963&apikey=***
tt1707386,7.5,"360,640",63,True,,https://www.omdbapi.com/?i=tt1707386&apikey=***
tt5090568,6.0,"129,623",42,True,,https://www.omdbapi.com/?i=tt5090568&apikey=***
tt0107614,7.1,"312,013",54,True,,https://www.omdbapi.com/?i=tt0107614&apikey=***
tt1340138,6.3,"305,926",38,True,,https://www.omdbapi.com/?i=tt1340138&apikey=***
tt9663764,5.6,"117,603",42,True,,https://www.omdbapi.com/?i=tt9663764&apikey=***
tt1517451,7.6,"445,763",88,True,,https://www.omdbapi.com/?i=tt1517451&apikey=***
tt0181852,6.3,"435,195",66,True,,https://www.omdbapi.com/?i=tt0181852&apikey=***
tt0803096,6.7,"294,721",32,True,,https://www.omdbapi.com/?i=tt0803096&apikey=***
tt28151876,6.9,"4,169",N/A,True,,https://www.omdbapi.com/?i=tt28151876&apikey=***
tt9376612,7.3,"496,530",71,True,,https://www.omdbapi.com/?i=tt9376612&apikey=***
tt0246460,6.1,"236,957",56,True,,https://www.omdbapi.com/?i=tt0246460&apikey=***
tt0070047,8.1,"495,533",83,True,,https://www.omdbapi.com/?i=tt0070047&apikey=***
tt0162222,7.8,"676,631",74,True,,https://www.omdbapi.com/?i=tt0162222&apikey=***
tt5113040,6.4,"77,477",55,True,,https://www.omdbapi.com/?i=tt5113040&apikey=***
tt2231461,6.1,"201,100",45,True,,https://www.omdbapi.com/?i=tt2231461&apikey=***
tt1675434,8.5,"1,024,790",57,True,,https://www.omdbapi.com/?i=tt1675434&apikey=***
tt1502397,6.5,"196,819",59,True,,https://www.omdbapi.com/?i=tt1502397&apikey=***
tt1853728,8.5,"1,901,438",81,True,,https://www.omdbapi.com/?i=tt1853728&apikey=***
tt0242653,6.7,"572,491",47,True,,https://www.omdbapi.com/?i=tt0242653&apikey=***
tt0101414,8.0,"502,927",95,True,,https://www.omdbapi.com/?i=tt0101414&apikey=***
tt0099348,8.0,"307,747",72,True,,https://www.omdbapi.com/?i=tt0099348&apikey=***
tt36598036,7.7,"2,922",N/A,True,,https://www.omdbapi.com/?i=tt36598036&apikey=***
tt32613601,6.8,"1,679",N/A,True,,https://www.omdbapi.com/?i=tt32613601&apikey=***
tt0499448,6.5,"238,224",62,True,,https://www.omdbapi.com/?i=tt0499448&apikey=***
tt1000774,5.7,"132,833",53,True,,https://www.omdbapi.com/?i=tt1000774&apikey=***
tt0120616,7.1,"508,368",49,True,,https://www.omdbapi.com/?i=tt0120616&apikey=***
tt0980970,6.3,"176,567",53,True,,https://www.omdbapi.com/?i=tt0980970&apikey=***
tt4196776,6.6,"256,031",58,True,,https://www.omdbapi.com/?i=tt4196776&apikey=***
tt1430132,6.7,"523,235",61,True,,https://www.omdbapi.com/?i=tt1430132&apikey=***
tt14513804,5.6,"192,394",42,True,,https://www.omdbapi.com/?i=tt14513804&apikey=***
tt2802144,7.7,"775,402",60,True,,https://www.omdbapi.com/?i=tt2802144&apikey=***
tt1504320,8.0,"732,524",88,True,,https://www.omdbapi.com/?i=tt1504320&apikey=***
tt1078912,6.0,"226,638",42,True,,https://www.omdbapi.com/?i=tt1078912&apikey=***
tt0096895,7.5,"429,189",69,True,,https://www.omdbapi.com/?i=tt0096895&apikey=***
tt0103855,6.4,"158,454",39,True,,https://www.omdbapi.com/?i=tt0103855&apikey=***
tt1663662,6.9,"555,685",65,True,,https://www.omdbapi.com/?i=tt1663662&apikey=***
tt4649466,6.7,"400,623",44,True,,https://www.omdbapi.com/?i=tt4649466&apikey=***
tt1160419,8.0,"1,038,179",74,True,,https://www.omdbapi.com/?i=tt1160419&apikey=***
tt1104001,6.8,"386,829",49,True,,https://www.omdbapi.com/?i=tt1104001&apikey=***
tt2345759,5.4,"220,647",34,True,,https://www.omdbapi.com/?i=tt2345759&apikey=***
tt3416828,5.7,"84,930",34,True,,https://www.omdbapi.com/?i=tt3416828&apikey=***
tt6467266,7.3,"100,000",49,True,,https://www.omdbapi.com/?i=tt6467266&apikey=***
tt0286106,6.8,"409,811",59,True,,https://www.omdbapi.com/?i=tt0286106&apikey=***
tt0290334,7.4,"611,038",68,True,,https://www.omdbapi.com/?i=tt0290334&apikey=***
tt5311514,8.4,"385,171",81,True,,https://www.omdbapi.com/?i=tt5311514&apikey=***
tt4123432,6.2,"191,265",47,True,,https://www.omdbapi.com/?i=tt4123432&apikey=***
tt1464335,6.3,"298,712",45,True,,https://www.omdbapi.com/?i=tt1464335&apikey=***
tt0993846,8.2,"1,784,314",75,True,,https://www.omdbapi.com/?i=tt0993846&apikey=***
tt12412888,6.5,"115,967",47,True,,https://www.omdbapi.com/?i=tt12412888&apikey=***
tt0437086,7.3,"321,252",53,True,,https://www.omdbapi.com/?i=tt0437086&apikey=***
tt4919268,6.5,"113,239",54,True,,https://www.omdbapi.com/?i=tt4919268&apikey=***
tt0859163,5.2,"179,224",31,True,,https://www.omdbapi.com/?i=tt0859163&apikey=***
tt1446714,7.0,"691,831",64,True,,https://www.omdbapi.com/?i=tt1446714&apikey=***
tt0031381,8.2,"354,268",97,True,,https://www.omdbapi.com/?i=tt0031381&apikey=***
tt9032400,6.2,"423,444",52,True,,https://www.omdbapi.com/?i=tt9032400&apikey=***
tt27543632,6.7,"174,511",65,True,,https://www.omdbapi.com/?i=tt27543632&apikey=***
tt9224104,5.0,"101,683",40,True,,https://www.omdbapi.com/?i=tt9224104&apikey=***
tt0317919,6.9,"424,323",66,True,,https://www.omdbapi.com/?i=tt0317919&apikey=***
tt11389872,6.8,"166,568",66,True,,https://www.omdbapi.com/?i=tt11389872&apikey=***
tt1735898,6.1,"312,075",57,True,,https://www.omdbapi.com/?i=tt1735898&apikey=***
tt0077631,7.2,"323,963",70,True,,https://www.omdbapi.com/?i=tt0077631&apikey=***
tt6911608,6.6,"116,641",60,True,,https://www.omdbapi.com/?i=tt6911608&apikey=***
tt4633694,8.4,"777,014",87,True,,https://www.omdbapi.com/?i=tt4633694&apikey=***
tt26657236,6.8,"179,011",76,True,,https://www.omdbapi.com/?i=tt26657236&apikey=***
tt7131622,7.6,"959,546",84,True,,https://www.omdbapi.com/?i=tt7131622&apikey=***
tt1099212,5.4,"522,520",56,True,,https://www.omdbapi.com/?i=tt1099212&apikey=***
tt6443346,6.1,"303,175",41,True,,https://www.omdbapi.com/?i=tt6443346&apikey=***
tt16254308,6.1,882,N/A,True,,https://www.omdbapi.com/?i=tt16254308&apikey=***
tt3778644,6.9,"406,107",62,True,,https://www.omdbapi.com/?i=tt3778644&apikey=***
tt0348150,6.1,"302,225",72,True,,https://www.omdbapi.com/?i=tt0348150&apikey=***
tt0102798,6.9,"220,927",51,True,,https://www.omdbapi.com/?i=tt0102798&apikey=***
tt0082971,8.4,"1,102,713",86,True,,https://www.omdbapi.com/?i=tt0082971&apikey=***
tt26443616,7.4,"37,622",73,True,,https://www.omdbapi.com/?i=tt26443616&apikey=***
tt1628841,5.2,"197,984",32,True,,https://www.omdbapi.com/?i=tt1628841&apikey=***
tt3741700,6.0,"226,912",48,True,,https://www.omdbapi.com/?i=tt3741700&apikey=***
tt3781476,6.1,"6,050",53,True,,https://www.omdbapi.com/?i=tt3781476&apikey=***
tt0796366,7.9,"636,122",82,True,,https://www.omdbapi.com/?i=tt0796366&apikey=***
tt0366548,6.4,"212,746",77,True,,https://www.omdbapi.com/?i=tt0366548&apikey=***
tt1462764,6.5,"230,035",58,True,,https://www.omdbapi.com/?i=tt1462764&apikey=***
tt3606752,6.7,"148,184",59,True,,https://www.omdbapi.com/?i=tt3606752&apikey=***
tt0337978,7.1,"433,767",69,True,,https://www.omdbapi.com/?i=tt0337978&apikey=***
tt0268380,7.5,"560,233",61,True,,https://www.omdbapi.com/?i=tt0268380&apikey=***
tt20969586,7.1,"274,694",68,True,,https://www.omdbapi.com/?i=tt20969586&apikey=***
tt4465564,4.6,"120,435",33,True,,https://www.omdbapi.com/?i=tt4465564&apikey=***
tt0892782,6.4,"187,595",56,True,,https://www.omdbapi.com/?i=tt0892782&apikey=***
tt0088763,8.5,"1,450,794",88,True,,https://www.omdbapi.com/?i=tt0088763&apikey=***
tt3480822,6.6,"476,594",68,True,,https://www.omdbapi.com/?i=tt3480822&apikey=***
tt0120685,5.5,"210,191",32,True,,https://www.omdbapi.com/?i=tt0120685&apikey=***
tt0111503,7.3,"298,420",63,True,,https://www.omdbapi.com/?i=tt0111503&apikey=***
tt1392190,8.1,"1,198,396",90,True,,https://www.omdbapi.com/?i=tt1392190&apikey=***
tt1010048,8.0,"907,124",84,True,,https://www.omdbapi.com/?i=tt1010048&apikey=***
tt0061852,7.6,"211,042",65,True,,https://www.omdbapi.com/?i=tt0061852&apikey=***
tt2963262,5.9,"1,237",61,True,,https://www.omdbapi.com/?i=tt2963262&apikey=***
tt1397280,6.2,"335,764",45,True,,https://www.omdbapi.com/?i=tt1397280&apikey=***
tt8529186,6.1,"2,995",N/A,True,,https://www.omdbapi.com/?i=tt8529186&apikey=***
tt0372784,8.2,"1,709,629",70,True,,https://www.omdbapi.com/?i=tt0372784&apikey=***
tt0207201,6.5,"236,520",47,True,,https://www.omdbapi.com/?i=tt0207201&apikey=***
tt0983193,7.3,"253,447",68,True,,https://www.omdbapi.com/?i=tt0983193&apikey=***
tt1911658,6.6,"113,406",53,True,,https://www.omdbapi.com/?i=tt1911658&apikey=***
tt0458525,6.5,"567,143",40,True,,https://www.omdbapi.com/?i=tt0458525&apikey=***
tt12584954,6.5,"190,996",65,True,,https://www.omdbapi.com/?i=tt12584954&apikey=***
tt0385752,6.1,"204,702",51,True,,https://www.omdbapi.com/?i=tt0385752&apikey=***
tt4477536,4.6,"80,950",31,True,,https://www.omdbapi.com/?i=tt4477536&apikey=***
tt1583421,5.7,"192,513",41,True,,https://www.omdbapi.com/?i=tt1583421&apikey=***
tt0386588,6.6,"343,989",58,True,,https://www.omdbapi.com/?i=tt0386588&apikey=***
tt31193180,7.5,"472,042",84,True,,https://www.omdbapi.com/?i=tt31193180&apikey=***
tt0438488,6.5,"388,740",49,True,,https://www.omdbapi.com/?i=tt0438488&apikey=***
tt2267998,8.1,"1,166,585",79,True,,https://www.omdbapi.com/?i=tt2267998&apikey=***
tt0458339,6.9,"966,241",66,True,,https://www.omdbapi.com/?i=tt0458339&apikey=***
tt1631867,7.9,"802,767",71,True,,https://www.omdbapi.com/?i=tt1631867&apikey=***
tt0129387,7.1,"346,240",69,True,,https://www.omdbapi.com/?i=tt0129387&apikey=***
tt6979756,6.7,"6,419",N/A,True,,https://www.omdbapi.com/?i=tt6979756&apikey=***
tt0106977,7.8,"343,917",87,True,,https://www.omdbapi.com/?i=tt0106977&apikey=***
tt2224026,6.5,"120,478",55,True,,https://www.omdbapi.com/?i=tt2224026&apikey=***
tt0163025,6.0,"366,719",42,True,,https://www.omdbapi.com/?i=tt0163025&apikey=***
tt0259446,6.6,"150,238",62,True,,https://www.omdbapi.com/?i=tt0259446&apikey=***
tt0448115,7.0,"412,905",71,True,,https://www.omdbapi.com/?i=tt0448115&apikey=***
tt0307453,6.0,"211,362",48,True,,https://www.omdbapi.com/?i=tt0307453&apikey=***
tt0112864,7.6,"428,742",58,True,,https://www.omdbapi.com/?i=tt0112864&apikey=***
tt5814060,5.4,"194,981",46,True,,https://www.omdbapi.com/?i=tt5814060&apikey=***
tt6723592,7.3,"709,795",69,True,,https://www.omdbapi.com/?i=tt6723592&apikey=***
tt0125439,7.2,"380,809",68,True,,https://www.omdbapi.com/?i=tt0125439&apikey=***
tt0120623,7.2,"334,363",78,True,,https://www.omdbapi.com/?i=tt0120623&apikey=***
tt2692250,6.2,"148,225",47,True,,https://www.omdbapi.com/?i=tt2692250&apikey=***
tt1013752,6.5,"332,392",46,True,,https://www.omdbapi.com/?i=tt1013752&apikey=***
tt0349903,6.5,"435,634",58,True,,https://www.omdbapi.com/?i=tt0349903&apikey=***
tt1959490,5.8,"275,793",68,True,,https://www.omdbapi.com/?i=tt1959490&apikey=***
tt0133152,5.7,"241,183",50,True,,https://www.omdbapi.com/?i=tt0133152&apikey=***
tt1951261,5.9,"360,292",30,True,,https://www.omdbapi.com/?i=tt1951261&apikey=***
tt0143145,6.4,"218,190",57,True,,https://www.omdbapi.com/?i=tt0143145&apikey=***
tt6170484,5.4,"2,307",63,True,,https://www.omdbapi.com/?i=tt6170484&apikey=***
tt0952640,5.3,"101,785",39,True,,https://www.omdbapi.com/?i=tt0952640&apikey=***
tt1155076,6.3,"225,248",61,True,,https://www.omdbapi.com/?i=tt1155076&apikey=***
tt0104431,6.9,"451,493",46,True,,https://www.omdbapi.com/?i=tt0104431&apikey=***
tt0837562,7.0,"309,621",47,True,,https://www.omdbapi.com/?i=tt0837562&apikey=***
tt0181689,7.6,"617,708",80,True,,https://www.omdbapi.com/?i=tt0181689&apikey=***
tt0092099,7.0,"550,107",50,True,,https://www.omdbapi.com/?i=tt0092099&apikey=***
tt0918940,6.2,"197,155",44,True,,https://www.omdbapi.com/?i=tt0918940&apikey=***
tt0169547,8.3,"1,272,515",84,True,,https://www.omdbapi.com/?i=tt0169547&apikey=***
tt1397514,5.7,"120,244",41,True,,https://www.omdbapi.com/?i=tt1397514&apikey=***
tt0112384,7.7,"334,301",78,True,,https://www.omdbapi.com/?i=tt0112384&apikey=***
tt0095953,8.0,"581,331",65,True,,https://www.omdbapi.com/?i=tt0095953&apikey=***
tt0130623,6.4,"72,205",56,True,,https://www.omdbapi.com/?i=tt0130623&apikey=***
tt1270798,7.7,"763,121",65,True,,https://www.omdbapi.com/?i=tt1270798&apikey=***
tt3861390,6.2,"87,768",51,True,,https://www.omdbapi.com/?i=tt3861390&apikey=***
tt0103772,7.1,"241,317",43,True,,https://www.omdbapi.com/?i=tt0103772&apikey=***
tt3402236,6.5,"319,654",52,True,,https://www.omdbapi.com/?i=tt3402236&apikey=***
tt0113189,7.2,"281,321",65,True,,https://www.omdbapi.com/?i=tt0113189&apikey=***
tt0264464,8.1,"1,233,450",75,True,,https://www.omdbapi.com/?i=tt0264464&apikey=***
tt1670345,7.2,"765,172",50,True,,https://www.omdbapi.com/?i=tt1670345&apikey=***
tt0212985,6.8,"311,689",57,True,,https://www.omdbapi.com/?i=tt0212985&apikey=***
tt0110475,7.0,"464,432",59,True,,https://www.omdbapi.com/?i=tt0110475&apikey=***
tt0096438,7.7,"232,021",83,True,,https://www.omdbapi.com/?i=tt0096438&apikey=***
tt10655524,6.3,"100,886",53,True,,https://www.omdbapi.com/?i=tt10655524&apikey=***
tt5117670,6.6,"52,407",51,True,,https://www.omdbapi.com/?i=tt5117670&apikey=***
tt1343092,7.2,"641,730",55,True,,https://www.omdbapi.com/?i=tt1343092&apikey=***
tt18412256,7.1,"285,643",64,True,,https://www.omdbapi.com/?i=tt18412256&apikey=***
tt0111257,7.3,"420,427",78,True,,https://www.omdbapi.com/?i=tt0111257&apikey=***
tt1985949,6.3,"117,177",43,True,,https://www.omdbapi.com/?i=tt1985949&apikey=***
tt0120647,6.3,"199,379",40,True,,https://www.omdbapi.com/?i=tt0120647&apikey=***
tt1482459,6.4,"142,581",46,True,,https://www.omdbapi.com/?i=tt1482459&apikey=***
tt5028340,6.7,"98,768",66,True,,https://www.omdbapi.com/?i=tt5028340&apikey=***
tt1790864,6.8,"557,043",57,True,,https://www.omdbapi.com/?i=tt1790864&apikey=***
tt0368891,6.9,"374,474",40,True,,https://www.omdbapi.com/?i=tt0368891&apikey=***
tt2017020,5.3,"49,596",34,True,,https://www.omdbapi.com/?i=tt2017020&apikey=***
tt1679335,6.4,"97,374",55,True,,https://www.omdbapi.com/?i=tt1679335&apikey=***
tt0266915,6.7,"256,979",48,True,,https://www.omdbapi.com/?i=tt0266915&apikey=***
tt0343818,7.1,"611,841",59,True,,https://www.omdbapi.com/?i=tt0343818&apikey=***
tt1293847,5.2,"101,386",42,True,,https://www.omdbapi.com/?i=tt1293847&apikey=***
tt0114148,6.7,"215,785",59,True,,https://www.omdbapi.com/?i=tt0114148&apikey=***
tt0170016,6.4,"331,546",46,True,,https://www.omdbapi.com/?i=tt0170016&apikey=***
tt30825738,6.8,"90,056",53,True,,https://www.omdbapi.com/?i=tt30825738&apikey=***
tt2660888,7.0,"268,984",68,True,,https://www.omdbapi.com/?i=tt2660888&apikey=***
tt0327084,6.7,"200,382",67,True,,https://www.omdbapi.com/?i=tt0327084&apikey=***
tt1615918,4.4,"43,421",24,True,,https://www.omdbapi.com/?i=tt1615918&apikey=***
tt0493464,6.7,"425,023",64,True,,https://www.omdbapi.com/?i=tt0493464&apikey=***
tt0109813,5.0,"89,753",38,True,,https://www.omdbapi.com/?i=tt0109813&apikey=***
tt6644200,7.5,"652,123",82,True,,https://www.omdbapi.com/?i=tt6644200&apikey=***
tt0461770,7.1,"227,480",75,True,,https://www.omdbapi.com/?i=tt0461770&apikey=***
tt1253863,6.2,"327,913",48,True,,https://www.omdbapi.com/?i=tt1253863&apikey=***
tt28258332,7.0,"1,462",N/A,True,,https://www.omdbapi.com/?i=tt28258332&apikey=***
tt10545296,6.6,"179,656",54,True,,https://www.omdbapi.com/?i=tt10545296&apikey=***
tt0112462,5.5,"279,237",54,True,,https://www.omdbapi.com/?i=tt0112462&apikey=***
tt0473075,6.5,"317,247",50,True,,https://www.omdbapi.com/?i=tt0473075&apikey=***
tt0421715,7.8,"740,633",70,True,,https://www.omdbapi.com/?i=tt0421715&apikey=***
tt0117500,7.4,"377,015",58,True,,https://www.omdbapi.com/?i=tt0117500&apikey=***
tt3110958,6.4,"357,612",46,True,,https://www.omdbapi.com/?i=tt3110958&apikey=***
tt1515091,7.4,"498,829",48,True,,https://www.omdbapi.com/?i=tt1515091&apikey=***
tt7431894,6.2,"1,980",N/A,True,,https://www.omdbapi.com/?i=tt7431894&apikey=***
tt17507018,6.5,"3,327",N/A,True,,https://www.omdbapi.com/?i=tt17507018&apikey=***
tt1109624,7.3,"151,982",77,True,,https://www.omdbapi.com/?i=tt1109624&apikey=***
tt0120667,5.7,"373,343",40,True,,https://www.omdbapi.com/?i=tt0120667&apikey=***
tt0120347,6.5,"213,704",52,True,,https://www.omdbapi.com/?i=tt0120347&apikey=***
tt0087469,7.5,"564,776",57,True,,https://www.omdbapi.com/?i=tt0087469&apikey=***
tt1979388,6.7,"138,579",66,True,,https://www.omdbapi.com/?i=tt1979388&apikey=***
tt3281548,7.8,"283,447",91,True,,https://www.omdbapi.com/?i=tt3281548&apikey=***
tt0096874,7.8,"620,762",57,True,,https://www.omdbapi.com/?i=tt0096874&apikey=***
tt29623480,8.2,"216,281",85,True,,https://www.omdbapi.com/?i=tt29623480&apikey=***
tt2034800,5.9,"157,801",42,True,,https://www.omdbapi.com/?i=tt2034800&apikey=***
tt6264654,7.1,"487,068",62,True,,https://www.omdbapi.com/?i=tt6264654&apikey=***
tt2294449,7.0,"436,227",71,True,,https://www.omdbapi.com/?i=tt2294449&apikey=***
tt0212338,7.0,"375,598",73,True,,https://www.omdbapi.com/?i=tt0212338&apikey=***
tt0947798,8.0,"882,921",79,True,,https://www.omdbapi.com/?i=tt0947798&apikey=***
tt0177971,6.5,"186,840",59,True,,https://www.omdbapi.com/?i=tt0177971&apikey=***
tt6146586,7.4,"476,412",73,True,,https://www.omdbapi.com/?i=tt6146586&apikey=***
tt0090555,6.6,"121,915",62,True,,https://www.omdbapi.com/?i=tt0090555&apikey=***
tt0114369,8.6,"2,017,106",65,True,,https://www.omdbapi.com/?i=tt0114369&apikey=***
tt0458352,7.0,"545,163",62,True,,https://www.omdbapi.com/?i=tt0458352&apikey=***
tt2446042,6.0,"213,322",26,True,,https://www.omdbapi.com/?i=tt2446042&apikey=***
tt0116583,7.0,"183,121",74,True,,https://www.omdbapi.com/?i=tt0116583&apikey=***
tt1067106,6.8,"136,559",55,True,,https://www.omdbapi.com/?i=tt1067106&apikey=***
tt2279373,6.0,"66,947",62,True,,https://www.omdbapi.com/?i=tt2279373&apikey=***
tt3065204,7.3,"341,821",65,True,,https://www.omdbapi.com/?i=tt3065204&apikey=***
tt1001526,7.3,"322,951",63,True,,https://www.omdbapi.com/?i=tt1001526&apikey=***
tt6966692,8.2,"682,124",69,True,,https://www.omdbapi.com/?i=tt6966692&apikey=***
tt0104714,6.7,"187,364",40,True,,https://www.omdbapi.com/?i=tt0104714&apikey=***
tt1142988,6.4,"240,925",28,True,,https://www.omdbapi.com/?i=tt1142988&apikey=***
tt0955308,6.6,"294,277",53,True,,https://www.omdbapi.com/?i=tt0955308&apikey=***
tt0361748,8.4,"1,778,290",69,True,,https://www.omdbapi.com/?i=tt0361748&apikey=***
tt0108052,9.0,"1,582,378",95,True,,https://www.omdbapi.com/?i=tt0108052&apikey=***
tt1457767,7.5,"620,597",68,True,,https://www.omdbapi.com/?i=tt1457767&apikey=***
tt0115433,5.8,"123,975",50,True,,https://www.omdbapi.com/?i=tt0115433&apikey=***
tt0093010,6.9,"109,013",67,True,,https://www.omdbapi.com/?i=tt0093010&apikey=***
tt3794354,6.5,"192,228",47,True,,https://www.omdbapi.com/?i=tt3794354&apikey=***
tt0938283,3.9,"180,350",20,True,,https://www.omdbapi.com/?i=tt0938283&apikey=***
tt0338348,6.6,"270,029",61,True,,https://www.omdbapi.com/?i=tt0338348&apikey=***
tt9619824,6.7,"160,018",73,True,,https://www.omdbapi.com/?i=tt9619824&apikey=***
tt1041829,6.8,"393,239",48,True,,https://www.omdbapi.com/?i=tt1041829&apikey=***
tt0268978,8.2,"1,052,138",72,True,,https://www.omdbapi.com/?i=tt0268978&apikey=***
tt0086960,7.4,"227,862",66,True,,https://www.omdbapi.com/?i=tt0086960&apikey=***
tt0118571,6.5,"221,851",62,True,,https://www.omdbapi.com/?i=tt0118571&apikey=***
tt2543472,7.9,"195,058",66,True,,https://www.omdbapi.com/?i=tt2543472&apikey=***
tt16428256,7.6,"60,977",77,True,,https://www.omdbapi.com/?i=tt16428256&apikey=***
tt1764651,6.6,"334,324",51,True,,https://www.omdbapi.com/?i=tt1764651&apikey=***
tt0371606,5.7,"106,831",48,True,,https://www.omdbapi.com/?i=tt0371606&apikey=***
tt0119822,7.7,"336,211",67,True,,https://www.omdbapi.com/?i=tt0119822&apikey=***
tt8946378,7.9,"875,016",82,True,,https://www.omdbapi.com/?i=tt8946378&apikey=***
tt4046784,6.3,"301,523",43,True,,https://www.omdbapi.com/?i=tt4046784&apikey=***
tt2592614,5.5,"108,365",49,True,,https://www.omdbapi.com/?i=tt2592614&apikey=***
tt0145660,6.7,"261,446",59,True,,https://www.omdbapi.com/?i=tt0145660&apikey=***
tt4116284,7.3,"190,619",75,True,,https://www.omdbapi.com/?i=tt4116284&apikey=***
tt0496806,6.9,"385,455",62,True,,https://www.omdbapi.com/?i=tt0496806&apikey=***
tt5074352,8.3,"239,462",N/A,True,,https://www.omdbapi.com/?i=tt5074352&apikey=***
tt0970866,5.5,"123,972",27,True,,https://www.omdbapi.com/?i=tt0970866&apikey=***
tt0397892,6.8,"241,714",67,True,,https://www.omdbapi.com/?i=tt0397892&apikey=***
tt0163187,5.6,"109,473",39,True,,https://www.omdbapi.com/?i=tt0163187&apikey=***
tt0117438,6.7,"143,263",61,True,,https://www.omdbapi.com/?i=tt0117438&apikey=***
tt0878804,7.6,"383,190",53,True,,https://www.omdbapi.com/?i=tt0878804&apikey=***
tt27419466,5.8,"14,283",42,True,,https://www.omdbapi.com/?i=tt27419466&apikey=***
tt2582846,7.6,"422,816",69,True,,https://www.omdbapi.com/?i=tt2582846&apikey=***
tt0454921,8.0,"614,482",64,True,,https://www.omdbapi.com/?i=tt0454921&apikey=***
tt1446192,7.2,"207,985",58,True,,https://www.omdbapi.com/?i=tt1446192&apikey=***
tt0075860,7.6,"229,698",90,True,,https://www.omdbapi.com/?i=tt0075860&apikey=***
tt0299658,7.2,"255,013",81,True,,https://www.omdbapi.com/?i=tt0299658&apikey=***
tt5140878,6.5,"169,544",62,True,,https://www.omdbapi.com/?i=tt5140878&apikey=***
tt34386754,8.3,"1,083",N/A,True,,https://www.omdbapi.com/?i=tt34386754&apikey=***
tt5758778,5.8,"143,468",51,True,,https://www.omdbapi.com/?i=tt5758778&apikey=***
tt1606378,5.2,"222,360",28,True,,https://www.omdbapi.com/?i=tt1606378&apikey=***
tt0120762,7.7,"343,199",72,True,,https://www.omdbapi.com/?i=tt0120762&apikey=***
tt1355644,7.0,"488,312",41,True,,https://www.omdbapi.com/?i=tt1355644&apikey=***
tt1440129,5.8,"268,384",41,True,,https://www.omdbapi.com/?i=tt1440129&apikey=***
tt0055254,7.3,"195,269",83,True,,https://www.omdbapi.com/?i=tt0055254&apikey=***
tt0119528,6.9,"360,402",70,True,,https://www.omdbapi.com/?i=tt0119528&apikey=***
tt1046173,5.7,"220,928",32,True,,https://www.omdbapi.com/?i=tt1046173&apikey=***
tt1646987,5.7,"201,440",37,True,,https://www.omdbapi.com/?i=tt1646987&apikey=***
tt0486576,5.6,"298,723",45,True,,https://www.omdbapi.com/?i=tt0486576&apikey=***
tt0102057,6.8,"289,849",52,True,,https://www.omdbapi.com/?i=tt0102057&apikey=***
tt0078346,7.4,"205,928",82,True,,https://www.omdbapi.com/?i=tt0078346&apikey=***
tt0089927,6.9,"243,290",40,True,,https://www.omdbapi.com/?i=tt0089927&apikey=***
tt0089880,6.5,"194,761",47,True,,https://www.omdbapi.com/?i=tt0089880&apikey=***
tt0338526,6.1,"305,501",35,True,,https://www.omdbapi.com/?i=tt0338526&apikey=***
tt1220634,5.8,"187,721",37,True,,https://www.omdbapi.com/?i=tt1220634&apikey=***
tt0164912,6.0,"157,941",61,True,,https://www.omdbapi.com/?i=tt0164912&apikey=***
tt38084416,6.8,112,N/A,True,,https://www.omdbapi.com/?i=tt38084416&apikey=***
tt0092644,6.6,"147,418",46,True,,https://www.omdbapi.com/?i=tt0092644&apikey=***
tt2567026,6.2,"133,655",34,True,,https://www.omdbapi.com/?i=tt2567026&apikey=***
tt0433035,7.1,"378,495",56,True,,https://www.omdbapi.com/?i=tt0433035&apikey=***
tt0119738,6.4,"164,548",51,True,,https://www.omdbapi.com/?i=tt0119738&apikey=***
tt6495056,6.6,"45,901",56,True,,https://www.omdbapi.com/?i=tt6495056&apikey=***
tt0451079,6.8,"157,837",71,True,,https://www.omdbapi.com/?i=tt0451079&apikey=***
tt5164214,6.3,"257,432",61,True,,https://www.omdbapi.com/?i=tt5164214&apikey=***
tt8332922,7.2,"315,806",71,True,,https://www.omdbapi.com/?i=tt8332922&apikey=***
tt4589218,5.4,"135,714",33,True,,https://www.omdbapi.com/?i=tt4589218&apikey=***
tt2908446,6.2,"269,895",42,True,,https://www.omdbapi.com/?i=tt2908446&apikey=***
tt0097778,5.9,"88,961",51,True,,https://www.omdbapi.com/?i=tt0097778&apikey=***
tt0295178,6.3,"233,424",62,True,,https://www.omdbapi.com/?i=tt0295178&apikey=***
tt0087332,7.8,"490,568",71,True,,https://www.omdbapi.com/?i=tt0087332&apikey=***
tt1935859,6.7,"204,494",57,True,,https://www.omdbapi.com/?i=tt1935859&apikey=***
tt0120903,7.3,"690,803",64,True,,https://www.omdbapi.com/?i=tt0120903&apikey=***
tt3411444,6.7,"70,455",58,True,,https://www.omdbapi.com/?i=tt3411444&apikey=***
tt1130884,8.2,"1,644,111",63,True,,https://www.omdbapi.com/?i=tt1130884&apikey=***
tt0118998,5.4,"107,260",46,True,,https://www.omdbapi.com/?i=tt0118998&apikey=***
tt6587046,7.3,"123,968",91,True,,https://www.omdbapi.com/?i=tt6587046&apikey=***
tt0944835,6.5,"341,745",65,True,,https://www.omdbapi.com/?i=tt0944835&apikey=***
tt0436339,5.1,"52,843",41,True,,https://www.omdbapi.com/?i=tt0436339&apikey=***
tt0407887,8.5,"1,551,506",85,True,,https://www.omdbapi.com/?i=tt0407887&apikey=***
tt0161081,6.6,"141,301",51,True,,https://www.omdbapi.com/?i=tt0161081&apikey=***
tt1261945,4.5,"87,275",27,True,,https://www.omdbapi.com/?i=tt1261945&apikey=***
tt4468740,7.8,"111,600",88,True,,https://www.omdbapi.com/?i=tt4468740&apikey=***
tt2557478,5.6,"135,965",44,True,,https://www.omdbapi.com/?i=tt2557478&apikey=***
tt0138097,7.1,"240,389",87,True,,https://www.omdbapi.com/?i=tt0138097&apikey=***
tt1840309,6.6,"515,954",48,True,,https://www.omdbapi.com/?i=tt1840309&apikey=***
tt0094898,7.1,"238,307",47,True,,https://www.omdbapi.com/?i=tt0094898&apikey=***
tt3704428,7.3,"259,379",64,True,,https://www.omdbapi.com/?i=tt3704428&apikey=***
tt0372183,7.7,"510,436",73,True,,https://www.omdbapi.com/?i=tt0372183&apikey=***
tt0396269,7.0,"395,754",64,True,,https://www.omdbapi.com/?i=tt0396269&apikey=***
tt4500922,6.3,"188,591",50,True,,https://www.omdbapi.com/?i=tt4500922&apikey=***
tt1478338,6.8,"323,706",75,True,,https://www.omdbapi.com/?i=tt1478338&apikey=***
tt0112642,6.2,"158,144",49,True,,https://www.omdbapi.com/?i=tt0112642&apikey=***
tt0389790,6.1,"195,239",54,True,,https://www.omdbapi.com/?i=tt0389790&apikey=***
tt0252866,6.5,"283,386",43,True,,https://www.omdbapi.com/?i=tt0252866&apikey=***
tt2848292,6.4,"176,393",63,True,,https://www.omdbapi.com/?i=tt2848292&apikey=***
tt0120689,8.6,"1,557,536",61,True,,https://www.omdbapi.com/?i=tt0120689&apikey=***
tt0059742,8.1,"289,128",63,True,,https://www.omdbapi.com/?i=tt0059742&apikey=***
tt1483013,7.0,"583,313",54,True,,https://www.omdbapi.com/?i=tt1483013&apikey=***
tt1535108,6.6,"489,527",61,True,,https://www.omdbapi.com/?i=tt1535108&apikey=***
tt0122151,6.6,"179,234",39,True,,https://www.omdbapi.com/?i=tt0122151&apikey=***
tt0401729,6.6,"294,974",51,True,,https://www.omdbapi.com/?i=tt0401729&apikey=***
tt6566576,6.2,"109,099",67,True,,https://www.omdbapi.com/?i=tt6566576&apikey=***
tt1860353,6.4,"123,630",58,True,,https://www.omdbapi.com/?i=tt1860353&apikey=***
tt0243155,6.8,"284,343",66,True,,https://www.omdbapi.com/?i=tt0243155&apikey=***
tt4849438,8.2,"132,342",N/A,True,,https://www.omdbapi.com/?i=tt4849438&apikey=***
tt0103776,7.1,"348,538",68,True,,https://www.omdbapi.com/?i=tt0103776&apikey=***
tt1243957,6.0,"266,981",37,True,,https://www.omdbapi.com/?i=tt1243957&apikey=***
tt4972582,7.3,"616,174",63,True,,https://www.omdbapi.com/?i=tt4972582&apikey=***
tt4276752,5.9,"4,680",48,True,,https://www.omdbapi.com/?i=tt4276752&apikey=***
tt0175142,6.3,"319,036",48,True,,https://www.omdbapi.com/?i=tt0175142&apikey=***
tt0295701,5.9,"192,071",48,True,,https://www.omdbapi.com/?i=tt0295701&apikey=***
tt1194173,6.6,"325,874",61,True,,https://www.omdbapi.com/?i=tt1194173&apikey=***
tt29632994,5.9,199,N/A,True,,https://www.omdbapi.com/?i=tt29632994&apikey=***
tt0267913,5.4,"138,973",35,True,,https://www.omdbapi.com/?i=tt0267913&apikey=***
tt11145118,6.7,"104,903",73,True,,https://www.omdbapi.com/?i=tt11145118&apikey=***
tt0443272,7.3,"283,599",87,True,,https://www.omdbapi.com/?i=tt0443272&apikey=***
tt0245429,8.6,"964,088",96,True,,https://www.omdbapi.com/?i=tt0245429&apikey=***
tt0146316,5.8,"229,645",33,True,,https://www.omdbapi.com/?i=tt0146316&apikey=***
tt1365519,6.3,"241,327",48,True,,https://www.omdbapi.com/?i=tt1365519&apikey=***
tt1320253,6.4,"380,153",45,True,,https://www.omdbapi.com/?i=tt1320253&apikey=***
tt33028976,3.3,"1,622",N/A,True,,https://www.omdbapi.com/?i=tt33028976&apikey=***
tt0116695,7.3,"308,588",77,True,,https://www.omdbapi.com/?i=tt0116695&apikey=***
tt0172156,6.6,"288,014",38,True,,https://www.omdbapi.com/?i=tt0172156&apikey=***
tt0275847,7.4,"243,669",75,True,,https://www.omdbapi.com/?i=tt0275847&apikey=***
tt0864835,6.7,"83,043",59,True,,https://www.omdbapi.com/?i=tt0864835&apikey=***
tt0102926,8.6,"1,718,588",86,True,,https://www.omdbapi.com/?i=tt0102926&apikey=***
tt1375670,6.0,"309,387",30,True,,https://www.omdbapi.com/?i=tt1375670&apikey=***
tt0439572,6.6,"251,019",55,True,,https://www.omdbapi.com/?i=tt0439572&apikey=***
tt0780521,7.2,"184,917",73,True,,https://www.omdbapi.com/?i=tt0780521&apikey=***
tt2004420,6.3,"344,066",68,True,,https://www.omdbapi.com/?i=tt2004420&apikey=***
tt0106918,6.9,"160,376",58,True,,https://www.omdbapi.com/?i=tt0106918&apikey=***
tt1723121,7.0,"520,762",44,True,,https://www.omdbapi.com/?i=tt1723121&apikey=***
tt1205489,8.1,"854,482",73,True,,https://www.omdbapi.com/?i=tt1205489&apikey=***
tt0337741,6.8,"138,041",66,True,,https://www.omdbapi.com/?i=tt0337741&apikey=***
tt26581740,7.4,"349,399",81,True,,https://www.omdbapi.com/?i=tt26581740&apikey=***
tt0443649,5.1,"139,178",34,True,,https://www.omdbapi.com/?i=tt0443649&apikey=***
tt0765429,7.8,"483,108",76,True,,https://www.omdbapi.com/?i=tt0765429&apikey=***
tt10160976,5.6,"77,794",47,True,,https://www.omdbapi.com/?i=tt10160976&apikey=***
tt0848537,6.6,"113,984",52,True,,https://www.omdbapi.com/?i=tt0848537&apikey=***
tt1528100,6.0,"186,124",52,True,,https://www.omdbapi.com/?i=tt1528100&apikey=***
tt0034492,7.3,"163,247",91,True,,https://www.omdbapi.com/?i=tt0034492&apikey=***
tt0107211,6.0,"82,430",45,True,,https://www.omdbapi.com/?i=tt0107211&apikey=***
tt0317198,6.0,"132,520",44,True,,https://www.omdbapi.com/?i=tt0317198&apikey=***
tt0800080,6.6,"563,613",61,True,,https://www.omdbapi.com/?i=tt0800080&apikey=***
tt0114898,6.3,"222,867",56,True,,https://www.omdbapi.com/?i=tt0114898&apikey=***
tt0120382,8.2,"1,356,843",90,True,,https://www.omdbapi.com/?i=tt0120382&apikey=***
tt0160127,5.6,"206,779",52,True,,https://www.omdbapi.com/?i=tt0160127&apikey=***
tt0119116,7.6,"539,521",52,True,,https://www.omdbapi.com/?i=tt0119116&apikey=***
tt0042332,7.3,"184,195",85,True,,https://www.omdbapi.com/?i=tt0042332&apikey=***
tt0113497,7.1,"408,456",41,True,,https://www.omdbapi.com/?i=tt0113497&apikey=***
tt0443453,7.4,"472,912",89,True,,https://www.omdbapi.com/?i=tt0443453&apikey=***
tt0358082,6.4,"173,700",64,True,,https://www.omdbapi.com/?i=tt0358082&apikey=***
tt1013743,6.3,"224,032",46,True,,https://www.omdbapi.com/?i=tt1013743&apikey=***
tt13433802,6.2,"182,611",68,True,,https://www.omdbapi.com/?i=tt13433802&apikey=***
tt28814949,8.0,"25,423",82,True,,https://www.omdbapi.com/?i=tt28814949&apikey=***
tt0100802,7.5,"378,339",60,True,,https://www.omdbapi.com/?i=tt0100802&apikey=***
tt2953050,7.2,"301,547",75,True,,https://www.omdbapi.com/?i=tt2953050&apikey=***
tt1477715,7.2,"42,930",67,True,,https://www.omdbapi.com/?i=tt1477715&apikey=***
tt6450804,6.2,"210,760",54,True,,https://www.omdbapi.com/?i=tt6450804&apikey=***
tt1210819,6.4,"252,056",37,True,,https://www.omdbapi.com/?i=tt1210819&apikey=***
tt1650062,7.0,"379,157",72,True,,https://www.omdbapi.com/?i=tt1650062&apikey=***
tt1502407,6.5,"185,764",67,True,,https://www.omdbapi.com/?i=tt1502407&apikey=***
tt1856101,8.0,"751,317",81,True,,https://www.omdbapi.com/?i=tt1856101&apikey=***
tt0305357,4.9,"138,017",48,True,,https://www.omdbapi.com/?i=tt0305357&apikey=***
tt0050139,6.6,189,N/A,True,,https://www.omdbapi.com/?i=tt0050139&apikey=***
tt0293564,6.3,"197,947",44,True,,https://www.omdbapi.com/?i=tt0293564&apikey=***
tt15242330,8.0,"12,617",79,True,,https://www.omdbapi.com/?i=tt15242330&apikey=***
tt0119164,7.2,"119,156",75,True,,https://www.omdbapi.com/?i=tt0119164&apikey=***
tt6751668,8.5,"1,148,210",97,True,,https://www.omdbapi.com/?i=tt6751668&apikey=***
tt3322940,5.5,"195,314",37,True,,https://www.omdbapi.com/?i=tt3322940&apikey=***
tt0368447,6.6,"290,036",44,True,,https://www.omdbapi.com/?i=tt0368447&apikey=***
tt0195685,7.5,"243,561",73,True,,https://www.omdbapi.com/?i=tt0195685&apikey=***
tt6857112,6.8,"390,771",81,True,,https://www.omdbapi.com/?i=tt6857112&apikey=***
tt9597190,6.3,"2,797",N/A,True,,https://www.omdbapi.com/?i=tt9597190&apikey=***
tt0822832,7.0,"173,575",53,True,,https://www.omdbapi.com/?i=tt0822832&apikey=***
tt5052448,7.8,"814,293",85,True,,https://www.omdbapi.com/?i=tt5052448&apikey=***
tt0106582,6.5,"146,934",59,True,,https://www.omdbapi.com/?i=tt0106582&apikey=***
tt11304740,5.5,"49,621",47,True,,https://www.omdbapi.com/?i=tt11304740&apikey=***
tt5779228,5.7,"26,657",31,True,,https://www.omdbapi.com/?i=tt5779228&apikey=***
tt4217392,5.2,"12,237",50,True,,https://www.omdbapi.com/?i=tt4217392&apikey=***
tt0112431,6.9,"141,471",83,True,,https://www.omdbapi.com/?i=tt0112431&apikey=***
tt2283336,5.6,"159,188",38,True,,https://www.omdbapi.com/?i=tt2283336&apikey=***
tt15801594,7.5,"2,476",N/A,True,,https://www.omdbapi.com/?i=tt15801594&apikey=***
tt0486946,5.9,"126,862",27,True,,https://www.omdbapi.com/?i=tt0486946&apikey=***
tt0962726,5.1,"73,485",57,True,,https://www.omdbapi.com/?i=tt0962726&apikey=***
tt0119282,7.3,"277,130",74,True,,https://www.omdbapi.com/?i=tt0119282&apikey=***
tt27922374,7.5,"1,755",N/A,True,,https://www.omdbapi.com/?i=tt27922374&apikey=***
tt6565702,5.7,"227,430",43,True,,https://www.omdbapi.com/?i=tt6565702&apikey=***
tt1403865,7.6,"370,062",80,True,,https://www.omdbapi.com/?i=tt1403865&apikey=***
tt6673612,5.6,"78,473",26,True,,https://www.omdbapi.com/?i=tt6673612&apikey=***
tt0118689,6.5,"115,203",52,True,,https://www.omdbapi.com/?i=tt0118689&apikey=***
tt1800241,7.2,"515,479",90,True,,https://www.omdbapi.com/?i=tt1800241&apikey=***
tt0128853,6.7,"244,152",58,True,,https://www.omdbapi.com/?i=tt0128853&apikey=***
tt0314331,7.5,"577,665",55,True,,https://www.omdbapi.com/?i=tt0314331&apikey=***
tt0120660,7.3,"272,421",67,True,,https://www.omdbapi.com/?i=tt0120660&apikey=***
tt7599146,7.6,"136,097",36,True,,https://www.omdbapi.com/?i=tt7599146&apikey=***
tt0449010,5.1,"134,352",38,True,,https://www.omdbapi.com/?i=tt0449010&apikey=***
tt0328880,6.9,"135,323",48,True,,https://www.omdbapi.com/?i=tt0328880&apikey=***
tt0120746,6.8,"209,066",62,True,,https://www.omdbapi.com/?i=tt0120746&apikey=***
tt0117705,6.5,"228,174",57,True,,https://www.omdbapi.com/?i=tt0117705&apikey=***
tt8115900,6.9,"79,744",64,True,,https://www.omdbapi.com/?i=tt8115900&apikey=***
tt0425637,7.3,"50,219",73,True,,https://www.omdbapi.com/?i=tt0425637&apikey=***
tt0298130,7.1,"400,067",57,True,,https://www.omdbapi.com/?i=tt0298130&apikey=***
tt5273624,5.5,"3,870",59,True,,https://www.omdbapi.com/?i=tt5273624&apikey=***
tt0185937,6.5,"309,752",80,True,,https://www.omdbapi.com/?i=tt0185937&apikey=***
tt1985966,6.3,"123,943",59,True,,https://www.omdbapi.com/?i=tt1985966&apikey=***
tt0217869,7.3,"465,464",62,True,,https://www.omdbapi.com/?i=tt0217869&apikey=***
tt0109686,7.3,"441,244",41,True,,https://www.omdbapi.com/?i=tt0109686&apikey=***
tt2191701,5.4,"190,524",19,True,,https://www.omdbapi.com/?i=tt2191701&apikey=***
tt6823368,6.6,"302,015",43,True,,https://www.omdbapi.com/?i=tt6823368&apikey=***
tt2452042,7.0,"52,134",67,True,,https://www.omdbapi.com/?i=tt2452042&apikey=***
tt1192628,7.3,"314,167",75,True,,https://www.omdbapi.com/?i=tt1192628&apikey=***
tt0109831,7.1,"176,528",81,True,,https://www.omdbapi.com/?i=tt0109831&apikey=***
tt0119094,7.3,"424,977",82,True,,https://www.omdbapi.com/?i=tt0119094&apikey=***
tt3949660,5.9,"105,290",40,True,,https://www.omdbapi.com/?i=tt3949660&apikey=***
tt1077368,6.2,"291,971",55,True,,https://www.omdbapi.com/?i=tt1077368&apikey=***
tt0286716,5.7,"290,412",54,True,,https://www.omdbapi.com/?i=tt0286716&apikey=***
tt10218674,5.7,"1,383",N/A,True,,https://www.omdbapi.com/?i=tt10218674&apikey=***
tt1064932,7.1,"46,653",N/A,True,,https://www.omdbapi.com/?i=tt1064932&apikey=***
tt0068646,9.2,"2,222,804",100,True,,https://www.omdbapi.com/?i=tt0068646&apikey=***
tt2120120,5.6,"177,787",27,True,,https://www.omdbapi.com/?i=tt2120120&apikey=***
tt1267297,6.0,"171,224",47,True,,https://www.omdbapi.com/?i=tt1267297&apikey=***
tt0120812,7.0,"325,702",61,True,,https://www.omdbapi.com/?i=tt0120812&apikey=***
tt0099088,7.5,"519,424",55,True,,https://www.omdbapi.com/?i=tt0099088&apikey=***
tt1815862,4.8,"216,012",33,True,,https://www.omdbapi.com/?i=tt1815862&apikey=***
tt4712810,5.9,"65,532",50,True,,https://www.omdbapi.com/?i=tt4712810&apikey=***
tt0104257,7.7,"314,572",62,True,,https://www.omdbapi.com/?i=tt0104257&apikey=***
tt0844471,6.9,"282,964",66,True,,https://www.omdbapi.com/?i=tt0844471&apikey=***
tt0298203,7.2,"347,308",77,True,,https://www.omdbapi.com/?i=tt0298203&apikey=***
tt1528854,6.2,"138,482",42,True,,https://www.omdbapi.com/?i=tt1528854&apikey=***
tt0094137,6.1,"60,474",61,True,,https://www.omdbapi.com/?i=tt0094137&apikey=***
tt1234721,6.1,"248,029",52,True,,https://www.omdbapi.com/?i=tt1234721&apikey=***
tt0116213,6.2,"122,562",56,True,,https://www.omdbapi.com/?i=tt0116213&apikey=***
tt32897959,6.2,"57,394",55,True,,https://www.omdbapi.com/?i=tt32897959&apikey=***
tt15047880,6.4,"139,066",74,True,,https://www.omdbapi.com/?i=tt15047880&apikey=***
tt2316204,6.4,"344,333",65,True,,https://www.omdbapi.com/?i=tt2316204&apikey=***
tt3263904,7.4,"320,206",74,True,,https://www.omdbapi.com/?i=tt3263904&apikey=***
tt2094766,5.6,"218,241",36,True,,https://www.omdbapi.com/?i=tt2094766&apikey=***
tt0389860,6.4,"386,574",45,True,,https://www.omdbapi.com/?i=tt0389860&apikey=***
tt11177804,6.6,"2,826",N/A,True,,https://www.omdbapi.com/?i=tt11177804&apikey=***
tt1855325,5.3,"158,829",39,True,,https://www.omdbapi.com/?i=tt1855325&apikey=***
tt0099423,7.2,"405,542",67,True,,https://www.omdbapi.com/?i=tt0099423&apikey=***
tt30017619,7.0,"27,455",64,True,,https://www.omdbapi.com/?i=tt30017619&apikey=***
tt0092493,5.7,"64,122",41,True,,https://www.omdbapi.com/?i=tt0092493&apikey=***
tt30274401,5.1,"37,816",26,True,,https://www.omdbapi.com/?i=tt30274401&apikey=***
tt12593682,7.3,"519,374",49,True,,https://www.omdbapi.com/?i=tt12593682&apikey=***
tt2076298,7.0,"40,443",62,True,,https://www.omdbapi.com/?i=tt2076298&apikey=***
tt3104988,6.9,"207,456",74,True,,https://www.omdbapi.com/?i=tt3104988&apikey=***
tt0118688,3.8,"281,257",29,True,,https://www.omdbapi.com/?i=tt0118688&apikey=***
tt1320261,4.9,"77,339",33,True,,https://www.omdbapi.com/?i=tt1320261&apikey=***
tt0187078,6.5,"308,693",35,True,,https://www.omdbapi.com/?i=tt0187078&apikey=***
tt0076666,6.8,"93,994",77,True,,https://www.omdbapi.com/?i=tt0076666&apikey=***
tt1045658,7.7,"770,744",81,True,,https://www.omdbapi.com/?i=tt1045658&apikey=***
tt0322259,5.9,"321,217",38,True,,https://www.omdbapi.com/?i=tt0322259&apikey=***
tt22049410,6.3,872,N/A,True,,https://www.omdbapi.com/?i=tt22049410&apikey=***
tt0347149,8.2,"507,343",82,True,,https://www.omdbapi.com/?i=tt0347149&apikey=***
tt4846340,7.8,"285,729",74,True,,https://www.omdbapi.com/?i=tt4846340&apikey=***
tt0212720,7.2,"337,075",65,True,,https://www.omdbapi.com/?i=tt0212720&apikey=***
tt0097165,8.1,"643,802",79,True,,https://www.omdbapi.com/?i=tt0097165&apikey=***
tt3079380,7.0,"271,293",75,True,,https://www.omdbapi.com/?i=tt3079380&apikey=***
tt0163651,7.0,"463,213",58,True,,https://www.omdbapi.com/?i=tt0163651&apikey=***
tt1605630,6.7,"233,104",49,True,,https://www.omdbapi.com/?i=tt1605630&apikey=***
tt0142342,6.5,"251,388",42,True,,https://www.omdbapi.com/?i=tt0142342&apikey=***
tt2974918,4.9,"25,133",33,True,,https://www.omdbapi.com/?i=tt2974918&apikey=***
tt2084970,8.0,"872,710",71,True,,https://www.omdbapi.com/?i=tt2084970&apikey=***
tt3228774,7.3,"293,600",59,True,,https://www.omdbapi.com/?i=tt3228774&apikey=***
tt0970416,5.5,"185,888",40,True,,https://www.omdbapi.com/?i=tt0970416&apikey=***
tt1568346,7.8,"525,793",71,True,,https://www.omdbapi.com/?i=tt1568346&apikey=***
tt0467406,7.4,"566,848",81,True,,https://www.omdbapi.com/?i=tt0467406&apikey=***
tt1024648,7.7,"665,933",86,True,,https://www.omdbapi.com/?i=tt1024648&apikey=***
tt0453451,6.4,"140,247",56,True,,https://www.omdbapi.com/?i=tt0453451&apikey=***
tt0116209,7.4,"212,643",86,True,,https://www.omdbapi.com/?i=tt0116209&apikey=***
tt32093575,4.9,"48,025",38,True,,https://www.omdbapi.com/?i=tt32093575&apikey=***
tt0105417,6.5,"116,127",51,True,,https://www.omdbapi.com/?i=tt0105417&apikey=***
tt0328828,6.3,"227,772",43,True,,https://www.omdbapi.com/?i=tt0328828&apikey=***
tt8350360,5.9,"101,470",53,True,,https://www.omdbapi.com/?i=tt8350360&apikey=***
tt0360486,7.0,"404,706",50,True,,https://www.omdbapi.com/?i=tt0360486&apikey=***
tt0425061,6.5,"236,066",54,True,,https://www.omdbapi.com/?i=tt0425061&apikey=***
tt0118799,8.6,"811,130",58,True,,https://www.omdbapi.com/?i=tt0118799&apikey=***
tt0184698,5.7,89,N/A,True,,https://www.omdbapi.com/?i=tt0184698&apikey=***
tt2404463,6.6,"185,730",60,True,,https://www.omdbapi.com/?i=tt2404463&apikey=***
tt1289401,6.8,"258,587",60,True,,https://www.omdbapi.com/?i=tt1289401&apikey=***
tt0259324,5.3,"267,165",35,True,,https://www.omdbapi.com/?i=tt0259324&apikey=***
tt5061814,6.7,"4,001",N/A,True,,https://www.omdbapi.com/?i=tt5061814&apikey=***
tt0319343,7.1,"345,306",66,True,,https://www.omdbapi.com/?i=tt0319343&apikey=***
tt0097733,7.3,"197,231",70,True,,https://www.omdbapi.com/?i=tt0097733&apikey=***
tt0990407,5.8,"168,421",39,True,,https://www.omdbapi.com/?i=tt0990407&apikey=***
tt0108160,6.8,"204,022",72,True,,https://www.omdbapi.com/?i=tt0108160&apikey=***
tt0089755,7.1,"91,765",69,True,,https://www.omdbapi.com/?i=tt0089755&apikey=***
tt3890160,7.5,"682,380",86,True,,https://www.omdbapi.com/?i=tt3890160&apikey=***
tt1253864,6.0,"184,420",46,True,,https://www.omdbapi.com/?i=tt1253864&apikey=***
tt0936501,7.7,"668,854",51,True,,https://www.omdbapi.com/?i=tt0936501&apikey=***
tt0814255,5.9,"210,964",47,True,,https://www.omdbapi.com/?i=tt0814255&apikey=***
tt10298810,6.1,"134,805",60,True,,https://www.omdbapi.com/?i=tt10298810&apikey=***
tt9597838,6.5,"3,265",N/A,True,,https://www.omdbapi.com/?i=tt9597838&apikey=***
tt1428538,6.1,"224,516",23,True,,https://www.omdbapi.com/?i=tt1428538&apikey=***
tt2239822,6.4,"208,185",51,True,,https://www.omdbapi.com/?i=tt2239822&apikey=***
tt0119217,8.4,"1,213,877",71,True,,https://www.omdbapi.com/?i=tt0119217&apikey=***
tt9586294,7.6,"16,668",83,True,,https://www.omdbapi.com/?i=tt9586294&apikey=***
tt1950186,8.1,"553,839",81,True,,https://www.omdbapi.com/?i=tt1950186&apikey=***
tt1285016,7.8,"812,001",95,True,,https://www.omdbapi.com/?i=tt1285016&apikey=***
tt0120630,7.1,"223,786",88,True,,https://www.omdbapi.com/?i=tt0120630&apikey=***
tt6654316,7.0,"3,659",69,True,,https://www.omdbapi.com/?i=tt6654316&apikey=***
tt0118880,6.9,"334,216",52,True,,https://www.omdbapi.com/?i=tt0118880&apikey=***
tt0110148,7.5,"372,902",62,True,,https://www.omdbapi.com/?i=tt0110148&apikey=***
tt0408790,6.3,"176,590",53,True,,https://www.omdbapi.com/?i=tt0408790&apikey=***
tt1068680,6.8,"403,090",46,True,,https://www.omdbapi.com/?i=tt1068680&apikey=***
tt2024469,6.9,"285,661",56,True,,https://www.omdbapi.com/?i=tt2024469&apikey=***
tt0097523,6.4,"175,324",63,True,,https://www.omdbapi.com/?i=tt0097523&apikey=***
tt13287846,6.3,"190,542",64,True,,https://www.omdbapi.com/?i=tt13287846&apikey=***
tt0361596,7.5,"134,784",67,True,,https://www.omdbapi.com/?i=tt0361596&apikey=***
tt0489099,6.1,"335,588",35,True,,https://www.omdbapi.com/?i=tt0489099&apikey=***
tt0120891,4.9,"171,971",40,True,,https://www.omdbapi.com/?i=tt0120891&apikey=***
tt25981462,6.2,264,N/A,True,,https://www.omdbapi.com/?i=tt25981462&apikey=***
tt15465312,N/A,649,N/A,True,,https://www.omdbapi.com/?i=tt15465312&apikey=***
tt1981128,5.4,"131,742",21,True,,https://www.omdbapi.com/?i=tt1981128&apikey=***
tt0100404,6.9,"51,383",72,True,,https://www.omdbapi.com/?i=tt0100404&apikey=***
tt0870154,6.5,"226,912",50,True,,https://www.omdbapi.com/?i=tt0870154&apikey=***
tt0306047,5.6,"170,244",49,True,,https://www.omdbapi.com/?i=tt0306047&apikey=***
tt0369339,7.5,"464,872",71,True,,https://www.omdbapi.com/?i=tt0369339&apikey=***
tt3062096,6.2,"201,301",42,True,,https://www.omdbapi.com/?i=tt3062096&apikey=***
tt0478311,6.9,"397,384",85,True,,https://www.omdbapi.com/?i=tt0478311&apikey=***
tt1133985,5.5,"307,536",39,True,,https://www.omdbapi.com/?i=tt1133985&apikey=***
tt1691917,5.7,"52,083",39,True,,https://www.omdbapi.com/?i=tt1691917&apikey=***
tt0362227,7.4,"531,834",55,True,,https://www.omdbapi.com/?i=tt0362227&apikey=***
tt1033643,6.1,"191,824",36,True,,https://www.omdbapi.com/?i=tt1033643&apikey=***
tt1230414,6.6,"102,721",57,True,,https://www.omdbapi.com/?i=tt1230414&apikey=***
tt16539454,6.1,"57,920",N/A,True,,https://www.omdbapi.com/?i=tt16539454&apikey=***
tt1535109,7.8,"516,908",82,True,,https://www.omdbapi.com/?i=tt1535109&apikey=***
tt0120794,7.2,"158,262",64,True,,https://www.omdbapi.com/?i=tt0120794&apikey=***
tt0320661,7.3,"347,384",63,True,,https://www.omdbapi.com/?i=tt0320661&apikey=***
tt0790724,7.0,"389,208",50,True,,https://www.omdbapi.com/?i=tt0790724&apikey=***
tt15474916,6.5,"227,711",68,True,,https://www.omdbapi.com/?i=tt15474916&apikey=***
tt0829150,6.2,"221,855",40,True,,https://www.omdbapi.com/?i=tt0829150&apikey=***
tt1489889,6.3,"238,164",52,True,,https://www.omdbapi.com/?i=tt1489889&apikey=***
tt0405159,8.1,"765,230",86,True,,https://www.omdbapi.com/?i=tt0405159&apikey=***
tt0096320,6.2,"145,665",50,True,,https://www.omdbapi.com/?i=tt0096320&apikey=***
tt1454029,8.1,"524,627",62,True,,https://www.omdbapi.com/?i=tt1454029&apikey=***
tt0817230,5.8,"130,072",34,True,,https://www.omdbapi.com/?i=tt0817230&apikey=***
tt0081573,6.8,"123,991",83,True,,https://www.omdbapi.com/?i=tt0081573&apikey=***
tt1284575,5.7,"222,069",47,True,,https://www.omdbapi.com/?i=tt1284575&apikey=***
tt12497408,6.7,"1,133",N/A,True,,https://www.omdbapi.com/?i=tt12497408&apikey=***
tt2850386,6.9,"60,294",56,True,,https://www.omdbapi.com/?i=tt2850386&apikey=***
tt0109444,6.9,"113,327",72,True,,https://www.omdbapi.com/?i=tt0109444&apikey=***
tt2637276,6.3,"258,061",48,True,,https://www.omdbapi.com/?i=tt2637276&apikey=***
tt0103874,7.4,"267,072",57,True,,https://www.omdbapi.com/?i=tt0103874&apikey=***
tt0190865,6.0,"67,868",48,True,,https://www.omdbapi.com/?i=tt0190865&apikey=***
tt2017561,6.7,"15,004",68,True,,https://www.omdbapi.com/?i=tt2017561&apikey=***
tt0097428,6.6,"239,604",56,True,,https://www.omdbapi.com/?i=tt0097428&apikey=***
tt36733027,7.9,"1,690",N/A,True,,https://www.omdbapi.com/?i=tt36733027&apikey=***
tt0963966,6.1,"176,065",46,True,,https://www.omdbapi.com/?i=tt0963966&apikey=***
tt0187393,7.2,"305,970",63,True,,https://www.omdbapi.com/?i=tt0187393&apikey=***
tt1564367,6.4,"289,427",33,True,,https://www.omdbapi.com/?i=tt1564367&apikey=***
tt26047818,6.1,"163,540",52,True,,https://www.omdbapi.com/?i=tt26047818&apikey=***
tt2333784,6.1,"205,920",35,True,,https://www.omdbapi.com/?i=tt2333784&apikey=***
tt0092890,7.1,"278,080",65,True,,https://www.omdbapi.com/?i=tt0092890&apikey=***
tt6343314,7.1,"167,419",66,True,,https://www.omdbapi.com/?i=tt6343314&apikey=***
tt6182908,6.6,"45,369",60,True,,https://www.omdbapi.com/?i=tt6182908&apikey=***
tt1152836,6.9,"333,880",70,True,,https://www.omdbapi.com/?i=tt1152836&apikey=***
tt0258463,7.8,"609,951",68,True,,https://www.omdbapi.com/?i=tt0258463&apikey=***
tt0109635,6.2,"56,603",58,True,,https://www.omdbapi.com/?i=tt0109635&apikey=***
tt0190332,7.9,"293,086",94,True,,https://www.omdbapi.com/?i=tt0190332&apikey=***
tt0110912,8.8,"2,431,656",95,True,,https://www.omdbapi.com/?i=tt0110912&apikey=***
tt27047903,5.5,"50,291",35,True,,https://www.omdbapi.com/?i=tt27047903&apikey=***
tt0338751,7.5,"401,380",77,True,,https://www.omdbapi.com/?i=tt0338751&apikey=***
tt0112573,8.3,"1,155,463",68,True,,https://www.omdbapi.com/?i=tt0112573&apikey=***
tt2180411,5.9,"152,776",69,True,,https://www.omdbapi.com/?i=tt2180411&apikey=***
tt0960731,6.0,"105,883",33,True,,https://www.omdbapi.com/?i=tt0960731&apikey=***
tt0137494,6.3,"129,352",54,True,,https://www.omdbapi.com/?i=tt0137494&apikey=***
tt0112281,6.4,"247,519",43,True,,https://www.omdbapi.com/?i=tt0112281&apikey=***
tt0146675,5.8,"120,450",34,True,,https://www.omdbapi.com/?i=tt0146675&apikey=***
tt0212346,6.4,"245,539",43,True,,https://www.omdbapi.com/?i=tt0212346&apikey=***
tt1473832,6.4,"89,330",59,True,,https://www.omdbapi.com/?i=tt1473832&apikey=***
tt2713180,7.6,"607,560",64,True,,https://www.omdbapi.com/?i=tt2713180&apikey=***
tt1217613,5.7,"188,290",37,True,,https://www.omdbapi.com/?i=tt1217613&apikey=***
tt1231583,6.5,"370,607",51,True,,https://www.omdbapi.com/?i=tt1231583&apikey=***
tt0455824,6.6,"132,196",53,True,,https://www.omdbapi.com/?i=tt0455824&apikey=***
tt0311113,7.5,"253,886",81,True,,https://www.omdbapi.com/?i=tt0311113&apikey=***
tt0097757,7.6,"309,826",88,True,,https://www.omdbapi.com/?i=tt0097757&apikey=***
tt15783462,6.7,"1,559",N/A,True,,https://www.omdbapi.com/?i=tt15783462&apikey=***
tt5822536,6.6,"31,587",65,True,,https://www.omdbapi.com/?i=tt5822536&apikey=***
tt1136608,7.9,"748,028",81,True,,https://www.omdbapi.com/?i=tt1136608&apikey=***
tt0079574,6.3,"116,368",66,True,,https://www.omdbapi.com/?i=tt0079574&apikey=***
tt14362112,6.0,"19,119",53,True,,https://www.omdbapi.com/?i=tt14362112&apikey=***
tt0230600,7.6,"424,115",74,True,,https://www.omdbapi.com/?i=tt0230600&apikey=***
tt1499658,6.9,"486,136",57,True,,https://www.omdbapi.com/?i=tt1499658&apikey=***
tt30144839,7.7,"397,927",95,True,,https://www.omdbapi.com/?i=tt30144839&apikey=***
tt8033592,7.4,"6,492",N/A,True,,https://www.omdbapi.com/?i=tt8033592&apikey=***
tt1964418,6.4,"198,340",60,True,,https://www.omdbapi.com/?i=tt1964418&apikey=***
tt0289765,7.2,"309,919",60,True,,https://www.omdbapi.com/?i=tt0289765&apikey=***
tt0339291,6.8,"228,438",62,True,,https://www.omdbapi.com/?i=tt0339291&apikey=***
tt43515101,,,,False,Incorrect IMDb ID.,https://www.omdbapi.com/?i=tt43515101&apikey=***
tt2906216,7.2,"270,852",72,True,,https://www.omdbapi.com/?i=tt2906216&apikey=***
tt1599348,6.7,"248,951",52,True,,https://www.omdbapi.com/?i=tt1599348&apikey=***
tt2459022,6.2,"4,087",55,True,,https://www.omdbapi.com/?i=tt2459022&apikey=***
tt2674426,7.4,"330,388",51,True,,https://www.omdbapi.com/?i=tt2674426&apikey=***
tt0257076,6.1,"159,306",45,True,,https://www.omdbapi.com/?i=tt0257076&apikey=***
tt11315808,5.2,"181,722",45,True,,https://www.omdbapi.com/?i=tt11315808&apikey=***
tt0181865,7.5,"228,102",86,True,,https://www.omdbapi.com/?i=tt0181865&apikey=***
tt0232500,6.8,"452,738",58,True,,https://www.omdbapi.com/?i=tt0232500&apikey=***
tt1778304,5.8,"103,694",59,True,,https://www.omdbapi.com/?i=tt1778304&apikey=***
tt0107818,7.7,"272,691",66,True,,https://www.omdbapi.com/?i=tt0107818&apikey=***
tt7069210,6.2,"168,696",53,True,,https://www.omdbapi.com/?i=tt7069210&apikey=***
tt10676048,5.5,"161,921",50,True,,https://www.omdbapi.com/?i=tt10676048&apikey=***
tt0162661,7.3,"406,254",65,True,,https://www.omdbapi.com/?i=tt0162661&apikey=***
tt3300542,5.9,"179,714",28,True,,https://www.omdbapi.com/?i=tt3300542&apikey=***
tt0452594,5.8,"144,473",46,True,,https://www.omdbapi.com/?i=tt0452594&apikey=***
tt6208148,2.1,"389,458",50,True,,https://www.omdbapi.com/?i=tt6208148&apikey=***
tt7713068,6.1,"282,042",60,True,,https://www.omdbapi.com/?i=tt7713068&apikey=***
tt0102138,8.0,"180,141",72,True,,https://www.omdbapi.com/?i=tt0102138&apikey=***
tt2334879,6.3,"247,710",52,True,,https://www.omdbapi.com/?i=tt2334879&apikey=***
tt0457939,7.0,"365,357",52,True,,https://www.omdbapi.com/?i=tt0457939&apikey=***
tt8165192,6.5,"6,683",72,True,,https://www.omdbapi.com/?i=tt8165192&apikey=***
tt1753383,7.3,"85,891",43,True,,https://www.omdbapi.com/?i=tt1753383&apikey=***
tt0879870,5.9,"113,158",50,True,,https://www.omdbapi.com/?i=tt0879870&apikey=***
tt4513678,7.0,"240,803",45,True,,https://www.omdbapi.com/?i=tt4513678&apikey=***
tt1620981,5.8,"47,899",46,True,,https://www.omdbapi.com/?i=tt1620981&apikey=***
tt0960144,5.6,"227,284",54,True,,https://www.omdbapi.com/?i=tt0960144&apikey=***
tt0349683,6.3,"182,290",46,True,,https://www.omdbapi.com/?i=tt0349683&apikey=***
tt1302067,4.6,"24,066",35,True,,https://www.omdbapi.com/?i=tt1302067&apikey=***
tt2719848,7.1,"241,475",64,True,,https://www.omdbapi.com/?i=tt2719848&apikey=***
tt0259711,6.9,"306,691",45,True,,https://www.omdbapi.com/?i=tt0259711&apikey=***
tt2543164,7.9,"852,057",81,True,,https://www.omdbapi.com/?i=tt2543164&apikey=***
tt32649961,7.3,"1,400",N/A,True,,https://www.omdbapi.com/?i=tt32649961&apikey=***
tt2369135,6.4,"186,587",39,True,,https://www.omdbapi.com/?i=tt2369135&apikey=***
tt8912936,6.9,"80,000",56,True,,https://www.omdbapi.com/?i=tt8912936&apikey=***
tt0876563,7.6,"183,104",86,True,,https://www.omdbapi.com/?i=tt0876563&apikey=***
tt0129290,6.9,"128,833",26,True,,https://www.omdbapi.com/?i=tt0129290&apikey=***
tt15837338,5.9,"6,292",49,True,,https://www.omdbapi.com/?i=tt15837338&apikey=***
tt0369441,6.2,"160,407",47,True,,https://www.omdbapi.com/?i=tt0369441&apikey=***
tt21235248,6.1,"105,610",46,True,,https://www.omdbapi.com/?i=tt21235248&apikey=***
tt0100758,6.8,"111,830",51,True,,https://www.omdbapi.com/?i=tt0100758&apikey=***
tt0099938,6.3,"174,332",61,True,,https://www.omdbapi.com/?i=tt0099938&apikey=***
tt1398426,7.8,"232,617",72,True,,https://www.omdbapi.com/?i=tt1398426&apikey=***
tt1232829,7.2,"641,161",69,True,,https://www.omdbapi.com/?i=tt1232829&apikey=***
